user_id,country,kyc_level,account_created_time,vip_level
U00001,UK,NONE,2025-07-23 11:05:47.475805,NORMAL
U00002,JP,BASIC,2026-02-10 11:05:47.475822,NORMAL
U00003,UK,FULL,2025-09-09 11:05:47.475827,NORMAL
U00004,JP,BASIC,2026-04-29 11:05:47.475830,NORMAL
U00005,JP,FULL,2026-06-02 11:05:47.475832,NORMAL
U00006,DE,NONE,2025-08-18 11:05:47.475834,NORMAL
U00007,CA,INTERMEDIATE,2026-03-26 11:05:47.475836,NORMAL
U00008,FR,NONE,2026-02-25 11:05:47.475838,NORMAL
U00009,FR,INTERMEDIATE,2026-04-27 11:05:47.475840,NORMAL
U00010,AU,NONE,2026-05-24 11:05:47.475842,GOLD
U00011,UK,INTERMEDIATE,2025-12-04 11:05:47.475843,SILVER
U00012,FR,BASIC,2025-08-03 11:05:47.475845,NORMAL
U00013,JP,INTERMEDIATE,2026-05-23 11:05:47.475847,PLATINUM
U00014,UK,FULL,2026-02-16 11:05:47.475848,NORMAL
U00015,FR,BASIC,2025-07-25 11:05:47.475850,NORMAL
U00016,DE,NONE,2026-02-28 11:05:47.475852,NORMAL
U00017,JP,BASIC,2026-03-20 11:05:47.475853,NORMAL
U00018,JP,INTERMEDIATE,2026-01-28 11:05:47.475855,SILVER
U00019,JP,NONE,2026-05-18 11:05:47.475856,SILVER
U00020,DE,NONE,2025-11-22 11:05:47.475858,NORMAL
U00021,FR,BASIC,2025-08-29 11:05:47.475860,NORMAL
U00022,AU,BASIC,2025-11-25 11:05:47.475861,NORMAL
U00023,DE,FULL,2026-02-09 11:05:47.475862,SILVER
U00024,FR,BASIC,2025-11-23 11:05:47.475864,PLATINUM
U00025,AU,NONE,2026-04-06 11:05:47.475865,NORMAL
U00026,SG,BASIC,2026-04-20 11:05:47.475867,NORMAL
U00027,UK,FULL,2025-11-11 11:05:47.475868,NORMAL
U00028,DE,NONE,2025-10-19 11:05:47.475870,NORMAL
U00029,DE,INTERMEDIATE,2026-04-18 11:05:47.475871,NORMAL
U00030,SG,FULL,2025-11-05 11:05:47.475873,NORMAL
U00031,SG,NONE,2026-02-01 11:05:47.475874,SILVER
U00032,JP,BASIC,2026-01-14 11:05:47.475876,NORMAL
U00033,US,INTERMEDIATE,2026-03-25 11:05:47.475878,NORMAL
U00034,FR,INTERMEDIATE,2026-04-19 11:05:47.475879,NORMAL
U00035,UK,NONE,2026-02-12 11:05:47.475881,NORMAL
U00036,SG,BASIC,2026-05-11 11:05:47.475882,NORMAL
U00037,SG,INTERMEDIATE,2025-09-07 11:05:47.475883,NORMAL
U00038,CA,BASIC,2025-08-09 11:05:47.475885,GOLD
U00039,DE,FULL,2026-03-05 11:05:47.475886,PLATINUM
U00040,FR,FULL,2025-07-18 11:05:47.475888,SILVER
U00041,UK,BASIC,2025-10-27 11:05:47.475889,NORMAL
U00042,US,BASIC,2025-12-24 11:05:47.475891,NORMAL
U00043,UK,NONE,2026-06-12 11:05:47.475892,NORMAL
U00044,FR,NONE,2026-05-30 11:05:47.475894,NORMAL
U00045,AU,BASIC,2026-01-24 11:05:47.475895,NORMAL
U00046,AU,BASIC,2025-08-27 11:05:47.475896,NORMAL
U00047,JP,NONE,2025-11-19 11:05:47.475898,NORMAL
U00048,FR,FULL,2025-11-07 11:05:47.475899,NORMAL
U00049,UK,NONE,2026-05-19 11:05:47.475901,NORMAL
U00050,UK,BASIC,2025-12-24 11:05:47.475902,NORMAL
U00051,AU,BASIC,2025-09-14 11:05:47.475903,NORMAL
U00052,AU,BASIC,2026-01-24 11:05:47.475905,SILVER
U00053,AU,NONE,2026-05-08 11:05:47.475906,NORMAL
U00054,US,NONE,2025-09-12 11:05:47.475908,GOLD
U00055,SG,FULL,2026-02-14 11:05:47.475909,NORMAL
U00056,CA,NONE,2026-02-26 11:05:47.475911,NORMAL
U00057,CA,INTERMEDIATE,2026-06-14 11:05:47.475912,GOLD
U00058,DE,FULL,2025-10-26 11:05:47.475913,NORMAL
U00059,AU,BASIC,2025-09-04 11:05:47.475915,NORMAL
U00060,US,NONE,2026-02-24 11:05:47.475916,NORMAL
U00061,US,FULL,2026-05-17 11:05:47.475918,NORMAL
U00062,SG,NONE,2025-09-17 11:05:47.475919,GOLD
U00063,SG,NONE,2026-05-05 11:05:47.475921,NORMAL
U00064,CA,NONE,2026-02-15 11:05:47.475922,GOLD
U00065,JP,NONE,2025-08-28 11:05:47.475923,NORMAL
U00066,FR,INTERMEDIATE,2025-11-13 11:05:47.475925,NORMAL
U00067,JP,INTERMEDIATE,2026-01-06 11:05:47.475926,NORMAL
U00068,DE,FULL,2025-07-20 11:05:47.475928,NORMAL
U00069,US,FULL,2026-05-09 11:05:47.475929,NORMAL
U00070,UK,NONE,2025-08-31 11:05:47.475931,NORMAL
U00071,DE,BASIC,2025-09-29 11:05:47.475932,GOLD
U00072,JP,INTERMEDIATE,2026-05-11 11:05:47.475934,NORMAL
U00073,DE,NONE,2025-11-03 11:05:47.475935,NORMAL
U00074,DE,NONE,2025-09-05 11:05:47.475937,GOLD
U00075,DE,NONE,2026-04-08 11:05:47.475938,SILVER
U00076,SG,INTERMEDIATE,2025-09-05 11:05:47.475940,NORMAL
U00077,FR,BASIC,2026-02-28 11:05:47.475941,NORMAL
U00078,AU,INTERMEDIATE,2026-01-31 11:05:47.475943,GOLD
U00079,UK,FULL,2026-05-20 11:05:47.475944,SILVER
U00080,US,INTERMEDIATE,2026-05-24 11:05:47.475946,NORMAL
U00081,DE,BASIC,2025-07-24 11:05:47.475947,NORMAL
U00082,CA,NONE,2025-09-06 11:05:47.475948,NORMAL
U00083,US,INTERMEDIATE,2026-03-31 11:05:47.475950,NORMAL
U00084,CA,BASIC,2026-04-01 11:05:47.475952,NORMAL
U00085,US,INTERMEDIATE,2025-12-11 11:05:47.475953,NORMAL
U00086,UK,INTERMEDIATE,2026-02-08 11:05:47.475954,NORMAL
U00087,SG,BASIC,2025-11-19 11:05:47.475956,SILVER
U00088,CA,NONE,2026-03-17 11:05:47.475958,NORMAL
U00089,CA,BASIC,2025-12-27 11:05:47.475959,NORMAL
U00090,CA,NONE,2026-04-21 11:05:47.475960,SILVER
U00091,JP,FULL,2026-02-22 11:05:47.475962,NORMAL
U00092,JP,NONE,2026-02-19 11:05:47.475963,NORMAL
U00093,FR,INTERMEDIATE,2025-11-23 11:05:47.475965,SILVER
U00094,FR,FULL,2026-01-24 11:05:47.475966,NORMAL
U00095,FR,NONE,2025-09-14 11:05:47.475968,NORMAL
U00096,SG,INTERMEDIATE,2026-02-02 11:05:47.475969,NORMAL
U00097,CA,INTERMEDIATE,2025-08-14 11:05:47.475971,NORMAL
U00098,CA,NONE,2026-01-06 11:05:47.475972,NORMAL
U00099,JP,INTERMEDIATE,2025-08-24 11:05:47.475973,NORMAL
U00100,US,BASIC,2025-11-04 11:05:47.475975,NORMAL
U00101,FR,INTERMEDIATE,2026-05-11 11:05:47.475976,NORMAL
U00102,DE,INTERMEDIATE,2026-04-13 11:05:47.475978,NORMAL
U00103,CA,INTERMEDIATE,2025-12-30 11:05:47.475979,NORMAL
U00104,CA,FULL,2026-03-09 11:05:47.475981,NORMAL
U00105,DE,FULL,2026-03-18 11:05:47.475982,NORMAL
U00106,DE,INTERMEDIATE,2026-06-15 11:05:47.475984,NORMAL
U00107,FR,FULL,2025-08-23 11:05:47.475985,NORMAL
U00108,AU,BASIC,2026-02-26 11:05:47.475986,NORMAL
U00109,FR,NONE,2026-01-21 11:05:47.475988,SILVER
U00110,DE,BASIC,2026-02-15 11:05:47.475989,SILVER
U00111,US,NONE,2026-04-01 11:05:47.475991,NORMAL
U00112,UK,FULL,2025-10-15 11:05:47.475992,NORMAL
U00113,JP,FULL,2025-07-28 11:05:47.475994,NORMAL
U00114,SG,NONE,2026-02-11 11:05:47.475995,SILVER
U00115,CA,BASIC,2026-04-22 11:05:47.475997,NORMAL
U00116,AU,NONE,2025-09-23 11:05:47.475998,NORMAL
U00117,AU,BASIC,2026-04-14 11:05:47.476000,SILVER
U00118,FR,FULL,2025-09-17 11:05:47.476001,NORMAL
U00119,CA,FULL,2025-09-30 11:05:47.476003,SILVER
U00120,AU,INTERMEDIATE,2025-10-15 11:05:47.476004,NORMAL
U00121,DE,FULL,2025-07-24 11:05:47.476006,NORMAL
U00122,AU,NONE,2026-01-26 11:05:47.476007,NORMAL
U00123,DE,INTERMEDIATE,2026-02-15 11:05:47.476009,NORMAL
U00124,UK,BASIC,2025-09-12 11:05:47.476010,NORMAL
U00125,SG,BASIC,2025-12-01 11:05:47.476011,NORMAL
U00126,FR,FULL,2025-11-19 11:05:47.476013,NORMAL
U00127,CA,FULL,2026-03-02 11:05:47.476014,GOLD
U00128,US,FULL,2025-08-20 11:05:47.476016,NORMAL
U00129,DE,FULL,2025-12-17 11:05:47.476017,SILVER
U00130,JP,FULL,2025-11-13 11:05:47.476019,NORMAL
U00131,AU,NONE,2025-11-04 11:05:47.476020,NORMAL
U00132,SG,FULL,2025-11-20 11:05:47.476022,GOLD
U00133,US,FULL,2025-08-01 11:05:47.476023,NORMAL
U00134,UK,FULL,2026-06-02 11:05:47.476024,NORMAL
U00135,SG,NONE,2025-10-22 11:05:47.476026,NORMAL
U00136,JP,FULL,2025-12-30 11:05:47.476027,NORMAL
U00137,DE,FULL,2025-12-03 11:05:47.476028,NORMAL
U00138,AU,NONE,2026-05-05 11:05:47.476030,NORMAL
U00139,FR,BASIC,2026-05-20 11:05:47.476031,NORMAL
U00140,US,NONE,2025-07-17 11:05:47.476032,GOLD
U00141,US,BASIC,2026-03-05 11:05:47.476034,NORMAL
U00142,UK,BASIC,2025-10-16 11:05:47.476035,NORMAL
U00143,FR,BASIC,2026-02-04 11:05:47.476037,NORMAL
U00144,SG,INTERMEDIATE,2026-04-18 11:05:47.476038,NORMAL
U00145,DE,FULL,2026-06-02 11:05:47.476039,NORMAL
U00146,UK,BASIC,2026-03-06 11:05:47.476041,NORMAL
U00147,UK,NONE,2026-01-12 11:05:47.476042,NORMAL
U00148,FR,NONE,2025-11-08 11:05:47.476043,NORMAL
U00149,US,FULL,2025-12-23 11:05:47.476044,SILVER
U00150,CA,INTERMEDIATE,2026-04-22 11:05:47.476046,NORMAL
U00151,SG,FULL,2025-10-23 11:05:47.476047,NORMAL
U00152,DE,FULL,2025-09-21 11:05:47.476049,NORMAL
U00153,DE,INTERMEDIATE,2025-08-16 11:05:47.476050,SILVER
U00154,DE,FULL,2026-05-02 11:05:47.476051,NORMAL
U00155,CA,INTERMEDIATE,2025-10-21 11:05:47.476053,NORMAL
U00156,SG,FULL,2025-12-31 11:05:47.476054,NORMAL
U00157,FR,INTERMEDIATE,2026-02-03 11:05:47.476055,SILVER
U00158,US,BASIC,2026-01-25 11:05:47.476056,NORMAL
U00159,AU,BASIC,2025-11-19 11:05:47.476058,NORMAL
U00160,AU,FULL,2025-07-20 11:05:47.476059,NORMAL
U00161,DE,BASIC,2026-04-29 11:05:47.476061,NORMAL
U00162,DE,INTERMEDIATE,2026-02-11 11:05:47.476062,NORMAL
U00163,FR,FULL,2025-09-17 11:05:47.476063,PLATINUM
U00164,FR,INTERMEDIATE,2025-09-07 11:05:47.476064,NORMAL
U00165,DE,INTERMEDIATE,2026-01-28 11:05:47.476066,NORMAL
U00166,FR,NONE,2026-03-09 11:05:47.476067,NORMAL
U00167,JP,BASIC,2026-03-13 11:05:47.476068,NORMAL
U00168,DE,NONE,2026-01-25 11:05:47.476070,SILVER
U00169,JP,INTERMEDIATE,2026-01-15 11:05:47.476071,NORMAL
U00170,SG,INTERMEDIATE,2026-06-08 11:05:47.476072,NORMAL
U00171,DE,BASIC,2026-05-19 11:05:47.476073,NORMAL
U00172,UK,NONE,2025-10-07 11:05:47.476075,NORMAL
U00173,AU,FULL,2025-10-18 11:05:47.476076,NORMAL
U00174,DE,FULL,2026-05-20 11:05:47.476077,NORMAL
U00175,CA,FULL,2026-05-13 11:05:47.476079,NORMAL
U00176,US,BASIC,2025-07-28 11:05:47.476080,NORMAL
U00177,DE,NONE,2025-08-31 11:05:47.476081,PLATINUM
U00178,CA,BASIC,2026-04-16 11:05:47.476083,NORMAL
U00179,AU,FULL,2025-12-03 11:05:47.476084,NORMAL
U00180,CA,INTERMEDIATE,2025-08-18 11:05:47.476085,NORMAL
U00181,UK,BASIC,2026-05-16 11:05:47.476087,NORMAL
U00182,UK,BASIC,2026-01-31 11:05:47.476088,NORMAL
U00183,UK,BASIC,2025-09-06 11:05:47.476089,NORMAL
U00184,AU,INTERMEDIATE,2025-10-28 11:05:47.476090,NORMAL
U00185,DE,FULL,2026-01-19 11:05:47.476092,NORMAL
U00186,DE,BASIC,2026-02-16 11:05:47.476093,NORMAL
U00187,JP,BASIC,2025-09-10 11:05:47.476094,GOLD
U00188,UK,NONE,2026-04-04 11:05:47.476096,NORMAL
U00189,DE,FULL,2026-01-09 11:05:47.476097,NORMAL
U00190,CA,INTERMEDIATE,2026-01-11 11:05:47.476098,NORMAL
U00191,AU,NONE,2025-10-06 11:05:47.476100,NORMAL
U00192,FR,INTERMEDIATE,2025-11-06 11:05:47.476101,NORMAL
U00193,US,INTERMEDIATE,2026-02-18 11:05:47.476102,NORMAL
U00194,AU,FULL,2026-03-18 11:05:47.476104,GOLD
U00195,CA,FULL,2026-03-15 11:05:47.476105,GOLD
U00196,FR,FULL,2025-10-18 11:05:47.476106,NORMAL
U00197,SG,INTERMEDIATE,2026-04-23 11:05:47.476108,NORMAL
U00198,DE,FULL,2025-10-05 11:05:47.476109,SILVER
U00199,US,FULL,2025-09-07 11:05:47.476110,NORMAL
U00200,FR,NONE,2026-02-06 11:05:47.476112,GOLD
U00201,US,FULL,2025-11-21 11:05:47.476113,NORMAL
U00202,FR,FULL,2026-03-11 11:05:47.476114,NORMAL
U00203,JP,INTERMEDIATE,2026-05-20 11:05:47.476116,NORMAL
U00204,AU,FULL,2026-01-19 11:05:47.476117,NORMAL
U00205,JP,BASIC,2025-07-28 11:05:47.476118,NORMAL
U00206,CA,NONE,2026-06-08 11:05:47.476120,NORMAL
U00207,AU,NONE,2026-04-18 11:05:47.476121,NORMAL
U00208,AU,INTERMEDIATE,2026-03-29 11:05:47.476123,NORMAL
U00209,CA,FULL,2026-01-27 11:05:47.476124,PLATINUM
U00210,AU,BASIC,2026-02-11 11:05:47.476125,NORMAL
U00211,SG,NONE,2025-08-13 11:05:47.476127,NORMAL
U00212,FR,INTERMEDIATE,2025-11-15 11:05:47.476128,SILVER
U00213,DE,FULL,2026-01-22 11:05:47.476130,SILVER
U00214,AU,INTERMEDIATE,2025-10-30 11:05:47.476131,NORMAL
U00215,CA,FULL,2025-09-10 11:05:47.476133,GOLD
U00216,JP,FULL,2026-03-11 11:05:47.476134,NORMAL
U00217,US,INTERMEDIATE,2025-11-17 11:05:47.476135,NORMAL
U00218,CA,BASIC,2025-12-02 11:05:47.476137,NORMAL
U00219,SG,INTERMEDIATE,2026-05-28 11:05:47.476139,SILVER
U00220,UK,FULL,2025-11-02 11:05:47.476140,NORMAL
U00221,CA,BASIC,2026-04-03 11:05:47.476141,NORMAL
U00222,FR,FULL,2026-01-31 11:05:47.476143,NORMAL
U00223,CA,INTERMEDIATE,2025-12-29 11:05:47.476144,NORMAL
U00224,US,NONE,2025-10-09 11:05:47.476146,NORMAL
U00225,JP,NONE,2026-01-19 11:05:47.476147,NORMAL
U00226,UK,FULL,2026-04-26 11:05:47.476149,NORMAL
U00227,US,NONE,2026-01-13 11:05:47.476150,NORMAL
U00228,DE,INTERMEDIATE,2026-05-18 11:05:47.476151,NORMAL
U00229,JP,FULL,2026-04-02 11:05:47.476153,NORMAL
U00230,SG,BASIC,2026-03-15 11:05:47.476154,NORMAL
U00231,JP,FULL,2025-12-02 11:05:47.476156,GOLD
U00232,JP,FULL,2026-04-03 11:05:47.476157,NORMAL
U00233,DE,NONE,2025-10-23 11:05:47.476158,SILVER
U00234,DE,BASIC,2025-10-20 11:05:47.476160,NORMAL
U00235,DE,FULL,2025-12-21 11:05:47.476161,NORMAL
U00236,DE,BASIC,2025-10-25 11:05:47.476163,PLATINUM
U00237,UK,BASIC,2025-10-11 11:05:47.476164,NORMAL
U00238,DE,INTERMEDIATE,2025-12-14 11:05:47.476166,NORMAL
U00239,DE,NONE,2025-11-25 11:05:47.476167,NORMAL
U00240,AU,INTERMEDIATE,2026-05-21 11:05:47.476169,NORMAL
U00241,FR,BASIC,2026-02-18 11:05:47.476170,NORMAL
U00242,DE,BASIC,2025-08-02 11:05:47.476172,NORMAL
U00243,US,INTERMEDIATE,2025-07-29 11:05:47.476173,NORMAL
U00244,FR,BASIC,2026-05-29 11:05:47.476175,NORMAL
U00245,FR,FULL,2026-01-15 11:05:47.476176,NORMAL
U00246,FR,INTERMEDIATE,2026-04-09 11:05:47.476178,SILVER
U00247,AU,INTERMEDIATE,2026-02-04 11:05:47.476180,NORMAL
U00248,UK,FULL,2025-12-24 11:05:47.476181,GOLD
U00249,JP,FULL,2026-04-04 11:05:47.476183,GOLD
U00250,FR,NONE,2025-09-03 11:05:47.476184,NORMAL
U00251,DE,NONE,2026-06-08 11:05:47.476186,NORMAL
U00252,CA,INTERMEDIATE,2026-02-01 11:05:47.476187,NORMAL
U00253,AU,NONE,2026-02-16 11:05:47.476189,NORMAL
U00254,FR,BASIC,2025-09-01 11:05:47.476190,NORMAL
U00255,AU,INTERMEDIATE,2025-07-25 11:05:47.476191,NORMAL
U00256,SG,NONE,2026-04-17 11:05:47.476193,GOLD
U00257,AU,NONE,2026-01-11 11:05:47.476194,NORMAL
U00258,SG,FULL,2025-09-13 11:05:47.476196,NORMAL
U00259,CA,BASIC,2025-09-12 11:05:47.476197,SILVER
U00260,UK,FULL,2025-07-15 11:05:47.476199,NORMAL
U00261,US,INTERMEDIATE,2026-01-23 11:05:47.476200,NORMAL
U00262,JP,INTERMEDIATE,2025-10-31 11:05:47.476202,NORMAL
U00263,FR,NONE,2025-12-09 11:05:47.476203,NORMAL
U00264,UK,FULL,2026-03-10 11:05:47.476205,NORMAL
U00265,US,NONE,2026-02-27 11:05:47.476206,NORMAL
U00266,SG,BASIC,2026-02-11 11:05:47.476208,NORMAL
U00267,JP,BASIC,2025-09-05 11:05:47.476209,SILVER
U00268,FR,BASIC,2026-02-16 11:05:47.476210,NORMAL
U00269,US,INTERMEDIATE,2025-08-14 11:05:47.476212,SILVER
U00270,SG,INTERMEDIATE,2026-04-02 11:05:47.476213,NORMAL
U00271,US,BASIC,2026-04-20 11:05:47.476215,NORMAL
U00272,FR,NONE,2026-02-14 11:05:47.476216,NORMAL
U00273,SG,FULL,2026-05-20 11:05:47.476218,NORMAL
U00274,AU,FULL,2026-05-14 11:05:47.476219,NORMAL
U00275,UK,FULL,2025-09-26 11:05:47.476220,NORMAL
U00276,US,INTERMEDIATE,2025-08-05 11:05:47.476222,NORMAL
U00277,US,FULL,2026-05-31 11:05:47.476223,SILVER
U00278,UK,FULL,2025-11-09 11:05:47.476225,NORMAL
U00279,UK,NONE,2025-10-31 11:05:47.476226,NORMAL
U00280,UK,BASIC,2026-04-01 11:05:47.476228,NORMAL
U00281,FR,FULL,2025-07-26 11:05:47.476229,PLATINUM
U00282,DE,FULL,2025-09-17 11:05:47.476230,NORMAL
U00283,UK,NONE,2025-11-07 11:05:47.476232,SILVER
U00284,JP,FULL,2025-07-17 11:05:47.476233,NORMAL
U00285,CA,INTERMEDIATE,2026-02-19 11:05:47.476235,SILVER
U00286,CA,NONE,2025-11-23 11:05:47.476236,NORMAL
U00287,DE,INTERMEDIATE,2026-01-06 11:05:47.476237,GOLD
U00288,UK,NONE,2025-10-16 11:05:47.476239,SILVER
U00289,CA,NONE,2026-04-29 11:05:47.476240,NORMAL
U00290,SG,NONE,2025-12-07 11:05:47.476242,NORMAL
U00291,FR,NONE,2025-09-01 11:05:47.476243,NORMAL
U00292,US,INTERMEDIATE,2025-11-11 11:05:47.476244,NORMAL
U00293,UK,BASIC,2025-12-17 11:05:47.476246,NORMAL
U00294,JP,NONE,2025-10-12 11:05:47.476248,NORMAL
U00295,FR,NONE,2025-09-04 11:05:47.476249,NORMAL
U00296,JP,FULL,2025-08-26 11:05:47.476250,SILVER
U00297,US,INTERMEDIATE,2025-08-01 11:05:47.476252,NORMAL
U00298,DE,INTERMEDIATE,2026-01-27 11:05:47.476253,NORMAL
U00299,SG,FULL,2026-03-15 11:05:47.476255,NORMAL
U00300,US,NONE,2025-07-26 11:05:47.476256,NORMAL
U00301,CA,FULL,2026-02-25 11:05:47.476258,NORMAL
U00302,FR,INTERMEDIATE,2026-03-27 11:05:47.476259,NORMAL
U00303,UK,NONE,2025-08-29 11:05:47.476261,NORMAL
U00304,US,NONE,2025-08-03 11:05:47.476262,NORMAL
U00305,AU,FULL,2025-11-10 11:05:47.476264,NORMAL
U00306,UK,INTERMEDIATE,2026-02-25 11:05:47.476265,NORMAL
U00307,AU,INTERMEDIATE,2026-01-21 11:05:47.476267,NORMAL
U00308,US,NONE,2025-11-25 11:05:47.476268,NORMAL
U00309,SG,INTERMEDIATE,2026-02-27 11:05:47.476269,NORMAL
U00310,US,FULL,2026-04-15 11:05:47.476271,NORMAL
U00311,SG,FULL,2026-03-18 11:05:47.476272,NORMAL
U00312,FR,NONE,2026-02-18 11:05:47.476274,NORMAL
U00313,CA,NONE,2026-05-25 11:05:47.476275,NORMAL
U00314,FR,FULL,2026-05-07 11:05:47.476277,NORMAL
U00315,CA,INTERMEDIATE,2025-07-23 11:05:47.476278,NORMAL
U00316,FR,BASIC,2026-06-05 11:05:47.476280,SILVER
U00317,AU,INTERMEDIATE,2025-08-03 11:05:47.476281,NORMAL
U00318,JP,FULL,2026-04-22 11:05:47.476282,NORMAL
U00319,UK,FULL,2025-09-20 11:05:47.476284,SILVER
U00320,JP,INTERMEDIATE,2025-12-24 11:05:47.476285,NORMAL
U00321,UK,BASIC,2026-05-07 11:05:47.476287,GOLD
U00322,FR,BASIC,2025-12-19 11:05:47.476288,NORMAL
U00323,DE,BASIC,2026-04-02 11:05:47.476290,NORMAL
U00324,UK,BASIC,2026-03-29 11:05:47.476291,GOLD
U00325,AU,FULL,2025-07-29 11:05:47.476292,NORMAL
U00326,AU,INTERMEDIATE,2025-08-23 11:05:47.476294,SILVER
U00327,FR,BASIC,2025-07-29 11:05:47.476295,NORMAL
U00328,AU,INTERMEDIATE,2025-10-18 11:05:47.476297,NORMAL
U00329,US,INTERMEDIATE,2025-08-17 11:05:47.476298,NORMAL
U00330,AU,FULL,2026-01-08 11:05:47.476300,NORMAL
U00331,DE,NONE,2025-12-09 11:05:47.476301,NORMAL
U00332,CA,FULL,2026-04-30 11:05:47.476302,NORMAL
U00333,AU,BASIC,2026-05-25 11:05:47.476304,NORMAL
U00334,SG,NONE,2025-10-15 11:05:47.476306,NORMAL
U00335,UK,BASIC,2025-12-22 11:05:47.476307,NORMAL
U00336,AU,BASIC,2025-11-03 11:05:47.476309,NORMAL
U00337,CA,FULL,2026-01-22 11:05:47.476310,NORMAL
U00338,US,INTERMEDIATE,2025-08-13 11:05:47.476312,NORMAL
U00339,CA,INTERMEDIATE,2026-04-28 11:05:47.476313,NORMAL
U00340,SG,INTERMEDIATE,2025-08-11 11:05:47.476314,NORMAL
U00341,FR,INTERMEDIATE,2026-04-04 11:05:47.476316,GOLD
U00342,SG,NONE,2025-11-27 11:05:47.476317,NORMAL
U00343,FR,BASIC,2025-12-05 11:05:47.476319,NORMAL
U00344,UK,FULL,2025-09-19 11:05:47.476320,NORMAL
U00345,FR,INTERMEDIATE,2026-06-06 11:05:47.476322,NORMAL
U00346,FR,FULL,2026-02-26 11:05:47.476323,NORMAL
U00347,SG,NONE,2026-04-06 11:05:47.476325,NORMAL
U00348,US,INTERMEDIATE,2026-04-25 11:05:47.476326,SILVER
U00349,SG,FULL,2025-08-03 11:05:47.476328,NORMAL
U00350,SG,FULL,2026-03-15 11:05:47.476329,NORMAL
U00351,JP,FULL,2025-12-11 11:05:47.476331,NORMAL
U00352,JP,BASIC,2025-10-29 11:05:47.476332,NORMAL
U00353,JP,INTERMEDIATE,2025-10-18 11:05:47.476333,NORMAL
U00354,AU,FULL,2025-08-27 11:05:47.476335,NORMAL
U00355,CA,BASIC,2025-12-02 11:05:47.476337,SILVER
U00356,SG,INTERMEDIATE,2025-08-10 11:05:47.476338,NORMAL
U00357,FR,NONE,2025-10-12 11:05:47.476339,NORMAL
U00358,UK,INTERMEDIATE,2025-09-24 11:05:47.476341,NORMAL
U00359,DE,FULL,2026-03-25 11:05:47.476342,GOLD
U00360,CA,NONE,2026-04-01 11:05:47.476344,GOLD
U00361,AU,INTERMEDIATE,2026-02-22 11:05:47.476345,GOLD
U00362,US,FULL,2025-11-15 11:05:47.476346,NORMAL
U00363,CA,NONE,2026-02-15 11:05:47.476348,NORMAL
U00364,FR,NONE,2026-06-01 11:05:47.476349,SILVER
U00365,FR,BASIC,2025-07-18 11:05:47.476351,NORMAL
U00366,AU,BASIC,2026-01-20 11:05:47.476352,NORMAL
U00367,AU,NONE,2025-10-18 11:05:47.476353,GOLD
U00368,DE,BASIC,2026-06-06 11:05:47.476355,SILVER
U00369,CA,NONE,2025-09-08 11:05:47.476356,NORMAL
U00370,DE,NONE,2026-02-14 11:05:47.476358,NORMAL
U00371,AU,NONE,2025-11-13 11:05:47.476359,NORMAL
U00372,US,BASIC,2025-10-03 11:05:47.476361,NORMAL
U00373,CA,NONE,2026-01-17 11:05:47.476362,NORMAL
U00374,CA,BASIC,2026-02-12 11:05:47.476363,NORMAL
U00375,FR,NONE,2026-05-03 11:05:47.476365,GOLD
U00376,US,FULL,2025-09-10 11:05:47.476366,SILVER
U00377,CA,INTERMEDIATE,2026-05-24 11:05:47.476368,NORMAL
U00378,FR,NONE,2026-06-07 11:05:47.476369,NORMAL
U00379,UK,INTERMEDIATE,2025-07-29 11:05:47.476371,NORMAL
U00380,FR,BASIC,2025-12-17 11:05:47.476372,SILVER
U00381,AU,BASIC,2025-10-21 11:05:47.476374,SILVER
U00382,AU,NONE,2026-05-14 11:05:47.476375,NORMAL
U00383,JP,NONE,2026-05-24 11:05:47.476377,NORMAL
U00384,CA,FULL,2026-01-08 11:05:47.476378,NORMAL
U00385,JP,INTERMEDIATE,2025-07-19 11:05:47.476379,NORMAL
U00386,FR,INTERMEDIATE,2026-05-22 11:05:47.476381,NORMAL
U00387,CA,FULL,2025-12-09 11:05:47.476382,NORMAL
U00388,FR,BASIC,2025-11-30 11:05:47.476384,NORMAL
U00389,FR,INTERMEDIATE,2025-10-04 11:05:47.476385,SILVER
U00390,UK,FULL,2025-11-10 11:05:47.476387,NORMAL
U00391,DE,INTERMEDIATE,2026-03-15 11:05:47.476388,NORMAL
U00392,DE,INTERMEDIATE,2025-12-30 11:05:47.476390,NORMAL
U00393,SG,FULL,2025-11-09 11:05:47.476391,NORMAL
U00394,FR,FULL,2026-05-25 11:05:47.476392,NORMAL
U00395,UK,FULL,2026-05-17 11:05:47.476394,NORMAL
U00396,US,BASIC,2026-03-26 11:05:47.476395,SILVER
U00397,US,BASIC,2025-11-03 11:05:47.476397,NORMAL
U00398,FR,INTERMEDIATE,2025-07-20 11:05:47.476398,NORMAL
U00399,US,BASIC,2025-08-29 11:05:47.476400,NORMAL
U00400,FR,FULL,2025-12-08 11:05:47.476401,NORMAL
U00401,SG,INTERMEDIATE,2025-08-26 11:05:47.476403,NORMAL
U00402,DE,BASIC,2025-07-18 11:05:47.476404,GOLD
U00403,SG,FULL,2026-06-02 11:05:47.476406,NORMAL
U00404,UK,INTERMEDIATE,2025-09-01 11:05:47.476407,NORMAL
U00405,JP,INTERMEDIATE,2025-10-30 11:05:47.476408,NORMAL
U00406,JP,NONE,2025-10-07 11:05:47.476410,NORMAL
U00407,AU,BASIC,2026-05-09 11:05:47.476411,SILVER
U00408,UK,INTERMEDIATE,2025-10-31 11:05:47.476412,NORMAL
U00409,DE,INTERMEDIATE,2026-05-13 11:05:47.476414,SILVER
U00410,SG,INTERMEDIATE,2025-07-24 11:05:47.476416,NORMAL
U00411,JP,BASIC,2026-04-14 11:05:47.476417,NORMAL
U00412,US,INTERMEDIATE,2025-10-06 11:05:47.476418,NORMAL
U00413,AU,BASIC,2025-12-09 11:05:47.476420,NORMAL
U00414,UK,INTERMEDIATE,2026-05-02 11:05:47.476422,NORMAL
U00415,CA,FULL,2025-10-13 11:05:47.476423,SILVER
U00416,SG,INTERMEDIATE,2026-05-09 11:05:47.476425,NORMAL
U00417,AU,INTERMEDIATE,2025-10-28 11:05:47.476426,NORMAL
U00418,SG,BASIC,2025-09-06 11:05:47.476427,NORMAL
U00419,UK,BASIC,2026-05-18 11:05:47.476429,NORMAL
U00420,FR,BASIC,2026-03-25 11:05:47.476431,NORMAL
U00421,DE,NONE,2025-09-23 11:05:47.476432,NORMAL
U00422,DE,BASIC,2025-07-25 11:05:47.476433,NORMAL
U00423,UK,BASIC,2025-08-05 11:05:47.476435,NORMAL
U00424,SG,BASIC,2025-08-22 11:05:47.476436,NORMAL
U00425,FR,NONE,2025-08-10 11:05:47.476438,SILVER
U00426,UK,NONE,2026-06-01 11:05:47.476439,GOLD
U00427,DE,BASIC,2025-08-24 11:05:47.476440,NORMAL
U00428,US,FULL,2025-11-14 11:05:47.476442,SILVER
U00429,DE,INTERMEDIATE,2025-09-09 11:05:47.476443,NORMAL
U00430,DE,FULL,2025-11-20 11:05:47.476445,NORMAL
U00431,SG,FULL,2026-05-16 11:05:47.476446,NORMAL
U00432,JP,INTERMEDIATE,2025-10-21 11:05:47.476447,NORMAL
U00433,FR,INTERMEDIATE,2026-01-06 11:05:47.476449,GOLD
U00434,FR,NONE,2026-04-10 11:05:47.476450,NORMAL
U00435,UK,INTERMEDIATE,2025-10-20 11:05:47.476452,NORMAL
U00436,UK,NONE,2026-04-04 11:05:47.476453,NORMAL
U00437,CA,BASIC,2025-12-01 11:05:47.476454,GOLD
U00438,FR,INTERMEDIATE,2026-03-26 11:05:47.476456,NORMAL
U00439,AU,FULL,2026-03-26 11:05:47.476457,NORMAL
U00440,AU,NONE,2026-01-09 11:05:47.476459,NORMAL
U00441,AU,BASIC,2025-11-26 11:05:47.476460,NORMAL
U00442,US,NONE,2025-12-17 11:05:47.476461,NORMAL
U00443,AU,INTERMEDIATE,2025-08-14 11:05:47.476463,NORMAL
U00444,CA,BASIC,2026-04-21 11:05:47.476464,SILVER
U00445,CA,INTERMEDIATE,2025-12-10 11:05:47.476466,NORMAL
U00446,JP,INTERMEDIATE,2026-05-20 11:05:47.476467,NORMAL
U00447,CA,FULL,2026-05-09 11:05:47.476468,NORMAL
U00448,UK,BASIC,2026-01-23 11:05:47.476470,GOLD
U00449,FR,INTERMEDIATE,2025-11-26 11:05:47.476471,NORMAL
U00450,SG,BASIC,2025-12-10 11:05:47.476472,NORMAL
U00451,US,NONE,2025-11-22 11:05:47.476474,NORMAL
U00452,AU,FULL,2025-12-27 11:05:47.476475,NORMAL
U00453,SG,INTERMEDIATE,2025-09-25 11:05:47.476477,GOLD
U00454,SG,FULL,2026-01-03 11:05:47.476478,PLATINUM
U00455,FR,FULL,2026-01-13 11:05:47.476479,NORMAL
U00456,AU,NONE,2026-01-13 11:05:47.476481,NORMAL
U00457,CA,INTERMEDIATE,2026-04-20 11:05:47.476482,NORMAL
U00458,US,FULL,2025-07-28 11:05:47.476484,NORMAL
U00459,JP,NONE,2025-07-15 11:05:47.476485,NORMAL
U00460,CA,BASIC,2026-03-20 11:05:47.476487,SILVER
U00461,US,NONE,2026-02-11 11:05:47.476488,NORMAL
U00462,FR,FULL,2025-11-02 11:05:47.476490,NORMAL
U00463,CA,FULL,2026-03-03 11:05:47.476491,SILVER
U00464,SG,BASIC,2026-05-15 11:05:47.476493,NORMAL
U00465,CA,INTERMEDIATE,2025-10-14 11:05:47.476494,GOLD
U00466,FR,INTERMEDIATE,2025-10-23 11:05:47.476509,NORMAL
U00467,DE,FULL,2025-07-21 11:05:47.476511,NORMAL
U00468,DE,INTERMEDIATE,2026-02-09 11:05:47.476512,NORMAL
U00469,DE,BASIC,2026-01-14 11:05:47.476514,NORMAL
U00470,FR,FULL,2025-10-08 11:05:47.476515,NORMAL
U00471,DE,NONE,2026-01-26 11:05:47.476517,NORMAL
U00472,CA,FULL,2025-09-10 11:05:47.476518,SILVER
U00473,DE,NONE,2026-04-02 11:05:47.476520,NORMAL
U00474,FR,FULL,2026-05-06 11:05:47.476521,NORMAL
U00475,JP,BASIC,2025-10-13 11:05:47.476523,SILVER
U00476,DE,BASIC,2026-01-28 11:05:47.476524,NORMAL
U00477,JP,BASIC,2025-08-19 11:05:47.476525,NORMAL
U00478,JP,BASIC,2025-09-17 11:05:47.476527,NORMAL
U00479,FR,FULL,2025-11-16 11:05:47.476528,NORMAL
U00480,US,BASIC,2026-04-06 11:05:47.476530,NORMAL
U00481,AU,BASIC,2025-10-15 11:05:47.476531,NORMAL
U00482,FR,INTERMEDIATE,2026-01-19 11:05:47.476533,NORMAL
U00483,JP,NONE,2026-05-01 11:05:47.476534,GOLD
U00484,CA,BASIC,2026-03-18 11:05:47.476535,GOLD
U00485,CA,FULL,2026-05-28 11:05:47.476537,NORMAL
U00486,US,NONE,2026-01-18 11:05:47.476538,NORMAL
U00487,UK,INTERMEDIATE,2025-08-11 11:05:47.476540,NORMAL
U00488,AU,BASIC,2025-07-22 11:05:47.476541,SILVER
U00489,DE,BASIC,2025-10-19 11:05:47.476542,SILVER
U00490,SG,FULL,2025-12-28 11:05:47.476544,NORMAL
U00491,US,INTERMEDIATE,2026-03-12 11:05:47.476545,NORMAL
U00492,JP,BASIC,2025-08-29 11:05:47.476546,NORMAL
U00493,CA,FULL,2025-07-23 11:05:47.476548,NORMAL
U00494,CA,NONE,2026-05-02 11:05:47.476549,NORMAL
U00495,AU,INTERMEDIATE,2026-04-05 11:05:47.476550,GOLD
U00496,DE,FULL,2026-06-12 11:05:47.476551,NORMAL
U00497,FR,INTERMEDIATE,2026-01-30 11:05:47.476553,NORMAL
U00498,US,INTERMEDIATE,2025-08-26 11:05:47.476554,NORMAL
U00499,US,NONE,2026-02-15 11:05:47.476555,NORMAL
U00500,CA,INTERMEDIATE,2026-03-26 11:05:47.476557,NORMAL
U00501,DE,INTERMEDIATE,2025-07-23 11:05:47.476558,NORMAL
U00502,SG,FULL,2026-02-23 11:05:47.476559,NORMAL
U00503,FR,FULL,2025-08-09 11:05:47.476561,NORMAL
U00504,JP,BASIC,2025-10-17 11:05:47.476562,NORMAL
U00505,UK,FULL,2025-08-14 11:05:47.476563,NORMAL
U00506,UK,NONE,2025-12-12 11:05:47.476565,NORMAL
U00507,JP,BASIC,2025-09-08 11:05:47.476566,NORMAL
U00508,AU,NONE,2025-09-22 11:05:47.476567,NORMAL
U00509,AU,NONE,2025-08-21 11:05:47.476569,SILVER
U00510,US,FULL,2025-10-30 11:05:47.476570,NORMAL
U00511,AU,NONE,2025-11-15 11:05:47.476571,NORMAL
U00512,US,FULL,2026-01-09 11:05:47.476573,NORMAL
U00513,JP,NONE,2026-06-14 11:05:47.476574,NORMAL
U00514,UK,NONE,2025-12-21 11:05:47.476575,GOLD
U00515,AU,NONE,2026-05-11 11:05:47.476577,NORMAL
U00516,SG,FULL,2026-03-15 11:05:47.476578,NORMAL
U00517,AU,FULL,2025-12-02 11:05:47.476579,NORMAL
U00518,SG,INTERMEDIATE,2025-09-12 11:05:47.476581,NORMAL
U00519,CA,BASIC,2025-09-13 11:05:47.476582,NORMAL
U00520,US,NONE,2026-02-21 11:05:47.476584,GOLD
U00521,CA,FULL,2025-10-21 11:05:47.476585,SILVER
U00522,AU,INTERMEDIATE,2026-02-09 11:05:47.476586,NORMAL
U00523,UK,NONE,2026-03-11 11:05:47.476588,SILVER
U00524,US,BASIC,2025-11-13 11:05:47.476589,NORMAL
U00525,US,FULL,2026-04-25 11:05:47.476591,NORMAL
U00526,JP,NONE,2026-05-22 11:05:47.476592,NORMAL
U00527,JP,NONE,2026-02-16 11:05:47.476594,NORMAL
U00528,JP,INTERMEDIATE,2026-01-18 11:05:47.476595,NORMAL
U00529,JP,INTERMEDIATE,2026-01-02 11:05:47.476596,SILVER
U00530,JP,FULL,2025-09-22 11:05:47.476598,NORMAL
U00531,SG,FULL,2026-05-15 11:05:47.476599,NORMAL
U00532,FR,FULL,2026-05-22 11:05:47.476601,NORMAL
U00533,CA,FULL,2026-01-03 11:05:47.476602,NORMAL
U00534,SG,FULL,2025-12-05 11:05:47.476603,NORMAL
U00535,DE,BASIC,2026-02-20 11:05:47.476605,SILVER
U00536,CA,FULL,2026-05-17 11:05:47.476606,NORMAL
U00537,CA,BASIC,2026-04-08 11:05:47.476608,NORMAL
U00538,UK,FULL,2025-12-28 11:05:47.476609,SILVER
U00539,JP,NONE,2026-04-29 11:05:47.476610,NORMAL
U00540,US,NONE,2025-08-10 11:05:47.476612,NORMAL
U00541,JP,FULL,2025-08-19 11:05:47.476613,NORMAL
U00542,DE,NONE,2025-12-27 11:05:47.476615,NORMAL
U00543,UK,FULL,2026-03-10 11:05:47.476616,GOLD
U00544,JP,FULL,2025-08-10 11:05:47.476618,GOLD
U00545,FR,INTERMEDIATE,2025-09-06 11:05:47.476619,NORMAL
U00546,FR,INTERMEDIATE,2025-09-15 11:05:47.476621,NORMAL
U00547,AU,FULL,2025-09-26 11:05:47.476622,NORMAL
U00548,FR,BASIC,2025-10-18 11:05:47.476623,NORMAL
U00549,US,BASIC,2025-11-16 11:05:47.476625,NORMAL
U00550,DE,FULL,2026-06-07 11:05:47.476626,NORMAL
U00551,FR,BASIC,2026-03-07 11:05:47.476628,NORMAL
U00552,AU,INTERMEDIATE,2026-02-10 11:05:47.476629,NORMAL
U00553,AU,FULL,2025-10-08 11:05:47.476631,NORMAL
U00554,SG,BASIC,2025-12-17 11:05:47.476632,NORMAL
U00555,SG,NONE,2025-10-08 11:05:47.476633,NORMAL
U00556,US,NONE,2026-05-08 11:05:47.476635,NORMAL
U00557,JP,NONE,2025-07-28 11:05:47.476636,NORMAL
U00558,JP,FULL,2026-06-11 11:05:47.476638,NORMAL
U00559,AU,FULL,2025-08-03 11:05:47.476639,NORMAL
U00560,CA,NONE,2025-09-16 11:05:47.476641,NORMAL
U00561,DE,NONE,2026-01-26 11:05:47.476642,NORMAL
U00562,SG,NONE,2025-11-07 11:05:47.476644,GOLD
U00563,SG,BASIC,2025-09-20 11:05:47.476645,NORMAL
U00564,DE,INTERMEDIATE,2025-09-19 11:05:47.476646,NORMAL
U00565,UK,INTERMEDIATE,2025-11-24 11:05:47.476648,GOLD
U00566,JP,BASIC,2025-10-23 11:05:47.476649,NORMAL
U00567,US,NONE,2026-05-05 11:05:47.476651,NORMAL
U00568,AU,NONE,2025-12-04 11:05:47.476652,NORMAL
U00569,UK,FULL,2026-03-20 11:05:47.476653,SILVER
U00570,FR,NONE,2025-07-20 11:05:47.476655,SILVER
U00571,JP,BASIC,2026-05-25 11:05:47.476656,GOLD
U00572,AU,INTERMEDIATE,2025-08-29 11:05:47.476658,NORMAL
U00573,DE,NONE,2026-05-08 11:05:47.476659,NORMAL
U00574,US,BASIC,2026-01-05 11:05:47.476661,NORMAL
U00575,UK,INTERMEDIATE,2025-11-24 11:05:47.476662,NORMAL
U00576,CA,INTERMEDIATE,2026-02-12 11:05:47.476664,NORMAL
U00577,UK,INTERMEDIATE,2026-04-05 11:05:47.476665,NORMAL
U00578,JP,NONE,2025-11-04 11:05:47.476667,NORMAL
U00579,CA,INTERMEDIATE,2025-08-05 11:05:47.476668,NORMAL
U00580,AU,FULL,2026-01-27 11:05:47.476670,NORMAL
U00581,CA,FULL,2025-09-05 11:05:47.476671,NORMAL
U00582,CA,NONE,2025-08-20 11:05:47.476673,NORMAL
U00583,JP,NONE,2026-01-15 11:05:47.476674,NORMAL
U00584,CA,BASIC,2026-03-29 11:05:47.476675,NORMAL
U00585,FR,NONE,2026-01-04 11:05:47.476677,NORMAL
U00586,AU,INTERMEDIATE,2026-01-09 11:05:47.476678,NORMAL
U00587,SG,NONE,2026-04-24 11:05:47.476680,NORMAL
U00588,CA,NONE,2025-10-29 11:05:47.476681,NORMAL
U00589,UK,INTERMEDIATE,2025-12-16 11:05:47.476682,SILVER
U00590,DE,FULL,2026-06-09 11:05:47.476684,NORMAL
U00591,JP,BASIC,2026-05-03 11:05:47.476685,NORMAL
U00592,SG,INTERMEDIATE,2026-03-21 11:05:47.476687,NORMAL
U00593,SG,NONE,2025-10-06 11:05:47.476688,NORMAL
U00594,CA,INTERMEDIATE,2026-01-25 11:05:47.476689,NORMAL
U00595,FR,INTERMEDIATE,2026-05-07 11:05:47.476691,GOLD
U00596,AU,BASIC,2025-07-30 11:05:47.476692,NORMAL
U00597,DE,NONE,2026-04-07 11:05:47.476694,GOLD
U00598,CA,INTERMEDIATE,2025-12-27 11:05:47.476695,NORMAL
U00599,SG,INTERMEDIATE,2025-11-07 11:05:47.476696,NORMAL
U00600,AU,INTERMEDIATE,2026-03-05 11:05:47.476698,NORMAL
U00601,FR,INTERMEDIATE,2025-11-24 11:05:47.476699,NORMAL
U00602,AU,BASIC,2025-07-26 11:05:47.476701,NORMAL
U00603,CA,INTERMEDIATE,2026-01-23 11:05:47.476702,NORMAL
U00604,JP,BASIC,2025-08-31 11:05:47.476703,NORMAL
U00605,US,FULL,2025-09-07 11:05:47.476705,GOLD
U00606,AU,INTERMEDIATE,2026-02-28 11:05:47.476706,SILVER
U00607,CA,FULL,2026-05-11 11:05:47.476708,NORMAL
U00608,JP,INTERMEDIATE,2026-01-11 11:05:47.476709,NORMAL
U00609,CA,NONE,2025-11-11 11:05:47.476710,NORMAL
U00610,AU,FULL,2025-08-13 11:05:47.476712,NORMAL
U00611,US,INTERMEDIATE,2025-11-13 11:05:47.476713,NORMAL
U00612,UK,NONE,2025-09-14 11:05:47.476715,NORMAL
U00613,SG,NONE,2025-12-16 11:05:47.476716,NORMAL
U00614,CA,INTERMEDIATE,2025-07-20 11:05:47.476718,GOLD
U00615,UK,NONE,2025-11-07 11:05:47.476719,NORMAL
U00616,JP,FULL,2026-02-22 11:05:47.476721,NORMAL
U00617,SG,INTERMEDIATE,2025-10-21 11:05:47.476722,PLATINUM
U00618,UK,INTERMEDIATE,2025-10-11 11:05:47.476723,NORMAL
U00619,UK,BASIC,2026-05-03 11:05:47.476725,NORMAL
U00620,AU,BASIC,2025-12-22 11:05:47.476726,NORMAL
U00621,AU,NONE,2025-12-19 11:05:47.476728,NORMAL
U00622,FR,NONE,2025-10-27 11:05:47.476729,NORMAL
U00623,US,INTERMEDIATE,2026-04-18 11:05:47.476730,NORMAL
U00624,JP,BASIC,2026-03-23 11:05:47.476732,NORMAL
U00625,CA,FULL,2025-12-28 11:05:47.476733,NORMAL
U00626,SG,BASIC,2025-11-20 11:05:47.476735,NORMAL
U00627,CA,NONE,2025-11-06 11:05:47.476736,NORMAL
U00628,AU,FULL,2026-03-06 11:05:47.476738,NORMAL
U00629,JP,INTERMEDIATE,2026-02-26 11:05:47.476739,NORMAL
U00630,UK,BASIC,2026-05-14 11:05:47.476740,NORMAL
U00631,AU,NONE,2026-03-07 11:05:47.476742,NORMAL
U00632,FR,FULL,2025-10-08 11:05:47.476743,NORMAL
U00633,UK,INTERMEDIATE,2025-08-19 11:05:47.476745,NORMAL
U00634,SG,INTERMEDIATE,2025-10-24 11:05:47.476746,GOLD
U00635,UK,BASIC,2025-08-17 11:05:47.476748,NORMAL
U00636,DE,NONE,2026-02-13 11:05:47.476749,NORMAL
U00637,CA,FULL,2026-04-04 11:05:47.476751,NORMAL
U00638,CA,FULL,2025-08-25 11:05:47.476752,NORMAL
U00639,SG,BASIC,2025-07-25 11:05:47.476753,NORMAL
U00640,SG,INTERMEDIATE,2026-04-05 11:05:47.476755,SILVER
U00641,US,INTERMEDIATE,2025-08-02 11:05:47.476756,GOLD
U00642,SG,BASIC,2025-10-10 11:05:47.476758,SILVER
U00643,AU,FULL,2025-09-01 11:05:47.476759,NORMAL
U00644,AU,FULL,2025-11-15 11:05:47.476760,NORMAL
U00645,US,BASIC,2025-08-30 11:05:47.476762,NORMAL
U00646,JP,INTERMEDIATE,2026-01-26 11:05:47.476763,NORMAL
U00647,AU,NONE,2025-10-24 11:05:47.476765,NORMAL
U00648,FR,NONE,2026-01-29 11:05:47.476766,NORMAL
U00649,JP,FULL,2025-11-02 11:05:47.476768,NORMAL
U00650,JP,INTERMEDIATE,2025-07-16 11:05:47.476769,SILVER
U00651,AU,INTERMEDIATE,2026-05-30 11:05:47.476771,NORMAL
U00652,AU,NONE,2026-05-02 11:05:47.476772,NORMAL
U00653,JP,INTERMEDIATE,2026-02-14 11:05:47.476774,SILVER
U00654,CA,BASIC,2025-08-07 11:05:47.476775,NORMAL
U00655,JP,NONE,2026-03-02 11:05:47.476777,NORMAL
U00656,DE,BASIC,2025-09-16 11:05:47.476778,NORMAL
U00657,DE,INTERMEDIATE,2026-01-17 11:05:47.476780,GOLD
U00658,UK,BASIC,2025-09-25 11:05:47.476781,GOLD
U00659,US,INTERMEDIATE,2025-11-17 11:05:47.476782,SILVER
U00660,SG,BASIC,2026-04-12 11:05:47.476784,NORMAL
U00661,JP,FULL,2026-01-02 11:05:47.476785,NORMAL
U00662,DE,FULL,2025-08-24 11:05:47.476787,NORMAL
U00663,UK,FULL,2026-05-08 11:05:47.476788,NORMAL
U00664,FR,FULL,2026-01-24 11:05:47.476790,GOLD
U00665,US,NONE,2025-12-30 11:05:47.476791,NORMAL
U00666,FR,NONE,2025-10-24 11:05:47.476793,NORMAL
U00667,JP,FULL,2025-11-24 11:05:47.476794,SILVER
U00668,DE,INTERMEDIATE,2025-10-05 11:05:47.476795,SILVER
U00669,SG,FULL,2025-12-25 11:05:47.476797,NORMAL
U00670,US,NONE,2026-05-22 11:05:47.476798,NORMAL
U00671,US,NONE,2025-10-23 11:05:47.476800,GOLD
U00672,AU,FULL,2026-03-27 11:05:47.476801,NORMAL
U00673,JP,BASIC,2025-11-08 11:05:47.476803,SILVER
U00674,SG,INTERMEDIATE,2026-01-12 11:05:47.476804,NORMAL
U00675,DE,NONE,2025-12-13 11:05:47.476806,NORMAL
U00676,SG,NONE,2025-07-18 11:05:47.476807,NORMAL
U00677,JP,FULL,2026-01-10 11:05:47.476808,NORMAL
U00678,US,BASIC,2026-04-28 11:05:47.476810,NORMAL
U00679,JP,FULL,2026-04-09 11:05:47.476811,NORMAL
U00680,UK,FULL,2025-12-22 11:05:47.476813,NORMAL
U00681,UK,BASIC,2025-10-14 11:05:47.476814,NORMAL
U00682,UK,INTERMEDIATE,2026-04-24 11:05:47.476815,NORMAL
U00683,SG,FULL,2026-01-13 11:05:47.476817,NORMAL
U00684,SG,NONE,2026-04-08 11:05:47.476818,NORMAL
U00685,SG,FULL,2026-06-11 11:05:47.476820,NORMAL
U00686,SG,FULL,2026-02-26 11:05:47.476821,NORMAL
U00687,JP,NONE,2025-11-01 11:05:47.476823,SILVER
U00688,UK,FULL,2026-04-05 11:05:47.476824,NORMAL
U00689,FR,BASIC,2025-11-08 11:05:47.476826,NORMAL
U00690,UK,BASIC,2025-07-20 11:05:47.476827,NORMAL
U00691,DE,NONE,2025-08-12 11:05:47.476828,SILVER
U00692,JP,BASIC,2026-01-12 11:05:47.476830,NORMAL
U00693,US,BASIC,2026-01-15 11:05:47.476831,NORMAL
U00694,JP,FULL,2026-04-19 11:05:47.476833,NORMAL
U00695,US,INTERMEDIATE,2026-05-10 11:05:47.476834,GOLD
U00696,CA,FULL,2026-04-09 11:05:47.476836,NORMAL
U00697,AU,NONE,2026-03-19 11:05:47.476837,NORMAL
U00698,US,INTERMEDIATE,2026-05-12 11:05:47.476839,NORMAL
U00699,CA,INTERMEDIATE,2026-05-16 11:05:47.476840,NORMAL
U00700,CA,FULL,2025-10-02 11:05:47.476842,NORMAL
U00701,SG,INTERMEDIATE,2026-05-04 11:05:47.476843,NORMAL
U00702,JP,BASIC,2026-05-06 11:05:47.476844,NORMAL
U00703,UK,INTERMEDIATE,2025-11-27 11:05:47.476846,NORMAL
U00704,US,BASIC,2026-02-13 11:05:47.476847,NORMAL
U00705,UK,FULL,2025-11-05 11:05:47.476849,NORMAL
U00706,DE,BASIC,2026-05-18 11:05:47.476850,NORMAL
U00707,US,BASIC,2026-04-06 11:05:47.476852,NORMAL
U00708,DE,BASIC,2025-12-20 11:05:47.476853,NORMAL
U00709,UK,NONE,2026-01-29 11:05:47.476854,NORMAL
U00710,DE,NONE,2025-11-08 11:05:47.476856,NORMAL
U00711,UK,FULL,2025-08-24 11:05:47.476857,NORMAL
U00712,US,FULL,2025-12-13 11:05:47.476859,SILVER
U00713,FR,BASIC,2026-03-22 11:05:47.476860,NORMAL
U00714,UK,BASIC,2026-04-24 11:05:47.476862,NORMAL
U00715,US,NONE,2026-06-14 11:05:47.476863,NORMAL
U00716,FR,FULL,2025-10-17 11:05:47.476865,GOLD
U00717,US,FULL,2026-03-16 11:05:47.476866,NORMAL
U00718,CA,INTERMEDIATE,2026-02-08 11:05:47.476868,NORMAL
U00719,FR,NONE,2026-05-07 11:05:47.476869,NORMAL
U00720,SG,BASIC,2026-05-20 11:05:47.476870,SILVER
U00721,CA,NONE,2026-05-23 11:05:47.476872,SILVER
U00722,DE,INTERMEDIATE,2026-01-22 11:05:47.476873,NORMAL
U00723,US,INTERMEDIATE,2025-10-25 11:05:47.476874,NORMAL
U00724,DE,BASIC,2025-08-31 11:05:47.476876,NORMAL
U00725,AU,BASIC,2025-08-17 11:05:47.476877,NORMAL
U00726,JP,BASIC,2025-09-09 11:05:47.476879,NORMAL
U00727,US,BASIC,2025-11-18 11:05:47.476880,NORMAL
U00728,US,INTERMEDIATE,2025-07-25 11:05:47.476882,NORMAL
U00729,DE,NONE,2025-12-05 11:05:47.476883,NORMAL
U00730,CA,FULL,2026-02-14 11:05:47.476885,GOLD
U00731,DE,NONE,2026-04-04 11:05:47.476886,NORMAL
U00732,CA,INTERMEDIATE,2026-02-17 11:05:47.476887,NORMAL
U00733,UK,BASIC,2026-05-03 11:05:47.476889,NORMAL
U00734,UK,NONE,2025-11-26 11:05:47.476890,NORMAL
U00735,JP,INTERMEDIATE,2026-04-10 11:05:47.476892,NORMAL
U00736,CA,INTERMEDIATE,2026-01-05 11:05:47.476893,NORMAL
U00737,JP,NONE,2026-01-27 11:05:47.476895,GOLD
U00738,UK,BASIC,2026-04-07 11:05:47.476896,NORMAL
U00739,AU,INTERMEDIATE,2025-10-28 11:05:47.476897,NORMAL
U00740,FR,BASIC,2025-09-14 11:05:47.476899,NORMAL
U00741,DE,NONE,2025-10-21 11:05:47.476900,NORMAL
U00742,US,BASIC,2026-01-11 11:05:47.476902,SILVER
U00743,SG,NONE,2025-12-30 11:05:47.476903,NORMAL
U00744,CA,NONE,2025-12-15 11:05:47.476905,NORMAL
U00745,SG,NONE,2026-02-02 11:05:47.476906,GOLD
U00746,JP,NONE,2025-10-27 11:05:47.476907,NORMAL
U00747,UK,NONE,2026-04-05 11:05:47.476909,NORMAL
U00748,SG,BASIC,2026-02-22 11:05:47.476910,SILVER
U00749,UK,INTERMEDIATE,2025-12-07 11:05:47.476912,GOLD
U00750,US,NONE,2026-05-08 11:05:47.476913,NORMAL
U00751,AU,BASIC,2025-07-20 11:05:47.476915,NORMAL
U00752,UK,NONE,2025-12-28 11:05:47.476916,GOLD
U00753,SG,FULL,2026-05-21 11:05:47.476917,SILVER
U00754,AU,NONE,2025-11-25 11:05:47.476919,NORMAL
U00755,SG,INTERMEDIATE,2025-11-09 11:05:47.476920,NORMAL
U00756,DE,INTERMEDIATE,2026-03-12 11:05:47.476922,NORMAL
U00757,US,BASIC,2026-03-31 11:05:47.476923,NORMAL
U00758,CA,FULL,2025-10-03 11:05:47.476924,NORMAL
U00759,CA,BASIC,2026-01-23 11:05:47.476926,NORMAL
U00760,JP,NONE,2025-07-21 11:05:47.476927,PLATINUM
U00761,AU,FULL,2025-12-14 11:05:47.476928,NORMAL
U00762,FR,FULL,2025-08-30 11:05:47.476930,NORMAL
U00763,FR,BASIC,2026-06-02 11:05:47.476931,NORMAL
U00764,US,FULL,2026-01-23 11:05:47.476933,NORMAL
U00765,JP,BASIC,2025-08-20 11:05:47.476934,NORMAL
U00766,DE,NONE,2026-02-12 11:05:47.476936,NORMAL
U00767,CA,INTERMEDIATE,2026-02-23 11:05:47.476937,GOLD
U00768,SG,BASIC,2026-03-19 11:05:47.476939,NORMAL
U00769,US,INTERMEDIATE,2025-12-14 11:05:47.476940,GOLD
U00770,SG,BASIC,2025-08-31 11:05:47.476942,SILVER
U00771,DE,BASIC,2025-10-06 11:05:47.476943,NORMAL
U00772,US,BASIC,2026-04-30 11:05:47.476945,NORMAL
U00773,AU,NONE,2026-06-05 11:05:47.476946,NORMAL
U00774,JP,BASIC,2025-08-05 11:05:47.476947,NORMAL
U00775,FR,NONE,2026-03-17 11:05:47.476949,NORMAL
U00776,SG,NONE,2025-08-19 11:05:47.476950,SILVER
U00777,UK,INTERMEDIATE,2025-12-11 11:05:47.476952,NORMAL
U00778,UK,INTERMEDIATE,2025-11-25 11:05:47.476953,NORMAL
U00779,SG,FULL,2026-04-07 11:05:47.476954,NORMAL
U00780,FR,BASIC,2025-10-09 11:05:47.476956,NORMAL
U00781,FR,BASIC,2025-09-01 11:05:47.476957,NORMAL
U00782,CA,INTERMEDIATE,2026-03-18 11:05:47.476959,NORMAL
U00783,SG,BASIC,2026-01-16 11:05:47.476960,NORMAL
U00784,CA,NONE,2025-08-26 11:05:47.476962,NORMAL
U00785,JP,NONE,2026-01-04 11:05:47.476963,GOLD
U00786,FR,NONE,2026-04-04 11:05:47.476965,NORMAL
U00787,SG,NONE,2026-01-03 11:05:47.476966,SILVER
U00788,FR,FULL,2025-07-23 11:05:47.476967,NORMAL
U00789,JP,NONE,2026-02-28 11:05:47.476969,NORMAL
U00790,US,NONE,2026-04-21 11:05:47.476970,NORMAL
U00791,SG,FULL,2025-11-13 11:05:47.476972,NORMAL
U00792,FR,FULL,2025-12-04 11:05:47.476973,NORMAL
U00793,JP,BASIC,2025-10-13 11:05:47.476975,NORMAL
U00794,DE,NONE,2026-05-29 11:05:47.476976,NORMAL
U00795,UK,INTERMEDIATE,2026-04-23 11:05:47.476977,NORMAL
U00796,SG,NONE,2025-12-05 11:05:47.476979,NORMAL
U00797,FR,FULL,2026-04-29 11:05:47.476980,NORMAL
U00798,SG,FULL,2025-11-07 11:05:47.476982,NORMAL
U00799,FR,BASIC,2026-04-25 11:05:47.476983,GOLD
U00800,DE,INTERMEDIATE,2025-11-18 11:05:47.476985,NORMAL
U00801,US,FULL,2026-04-27 11:05:47.476986,NORMAL
U00802,SG,NONE,2025-10-07 11:05:47.476987,NORMAL
U00803,UK,INTERMEDIATE,2025-11-09 11:05:47.476989,SILVER
U00804,AU,BASIC,2025-07-30 11:05:47.476990,NORMAL
U00805,SG,INTERMEDIATE,2026-03-02 11:05:47.476992,GOLD
U00806,UK,INTERMEDIATE,2025-10-16 11:05:47.476993,NORMAL
U00807,AU,INTERMEDIATE,2025-10-17 11:05:47.476994,NORMAL
U00808,CA,BASIC,2025-09-10 11:05:47.476996,NORMAL
U00809,FR,BASIC,2025-12-02 11:05:47.476997,NORMAL
U00810,AU,FULL,2026-02-01 11:05:47.476998,NORMAL
U00811,US,BASIC,2026-01-29 11:05:47.477000,NORMAL
U00812,UK,INTERMEDIATE,2026-04-27 11:05:47.477001,SILVER
U00813,JP,NONE,2025-11-16 11:05:47.477003,SILVER
U00814,CA,FULL,2025-09-21 11:05:47.477004,NORMAL
U00815,AU,INTERMEDIATE,2026-02-15 11:05:47.477005,NORMAL
U00816,SG,NONE,2026-05-29 11:05:47.477007,GOLD
U00817,SG,BASIC,2025-10-29 11:05:47.477008,GOLD
U00818,SG,NONE,2026-03-09 11:05:47.477010,NORMAL
U00819,JP,BASIC,2025-11-05 11:05:47.477011,SILVER
U00820,FR,NONE,2026-02-03 11:05:47.477013,NORMAL
U00821,CA,INTERMEDIATE,2025-09-04 11:05:47.477014,SILVER
U00822,AU,NONE,2025-09-22 11:05:47.477016,NORMAL
U00823,CA,NONE,2025-07-31 11:05:47.477017,NORMAL
U00824,UK,NONE,2026-04-01 11:05:47.477018,NORMAL
U00825,DE,INTERMEDIATE,2026-04-25 11:05:47.477020,SILVER
U00826,CA,FULL,2026-01-31 11:05:47.477022,NORMAL
U00827,US,BASIC,2025-10-16 11:05:47.477023,NORMAL
U00828,CA,NONE,2026-04-03 11:05:47.477025,NORMAL
U00829,JP,NONE,2025-12-28 11:05:47.477026,NORMAL
U00830,FR,NONE,2026-01-29 11:05:47.477027,NORMAL
U00831,DE,INTERMEDIATE,2026-01-11 11:05:47.477029,SILVER
U00832,JP,BASIC,2026-04-26 11:05:47.477030,NORMAL
U00833,FR,INTERMEDIATE,2025-11-01 11:05:47.477032,NORMAL
U00834,UK,BASIC,2025-08-10 11:05:47.477033,NORMAL
U00835,AU,INTERMEDIATE,2025-11-19 11:05:47.477034,SILVER
U00836,SG,NONE,2025-09-25 11:05:47.477036,NORMAL
U00837,CA,BASIC,2025-09-29 11:05:47.477037,NORMAL
U00838,US,BASIC,2025-09-20 11:05:47.477039,NORMAL
U00839,US,BASIC,2026-03-05 11:05:47.477040,NORMAL
U00840,FR,BASIC,2026-05-21 11:05:47.477042,NORMAL
U00841,CA,NONE,2025-10-21 11:05:47.477043,NORMAL
U00842,FR,FULL,2026-02-12 11:05:47.477044,NORMAL
U00843,AU,INTERMEDIATE,2026-03-17 11:05:47.477046,NORMAL
U00844,UK,INTERMEDIATE,2026-02-03 11:05:47.477047,NORMAL
U00845,SG,BASIC,2026-05-21 11:05:47.477049,SILVER
U00846,JP,BASIC,2025-07-19 11:05:47.477050,NORMAL
U00847,US,NONE,2025-11-18 11:05:47.477052,NORMAL
U00848,SG,NONE,2026-04-09 11:05:47.477053,NORMAL
U00849,DE,INTERMEDIATE,2025-08-08 11:05:47.477055,NORMAL
U00850,FR,FULL,2025-12-05 11:05:47.477056,NORMAL
U00851,DE,FULL,2025-10-20 11:05:47.477057,NORMAL
U00852,FR,INTERMEDIATE,2026-06-12 11:05:47.477059,NORMAL
U00853,AU,NONE,2026-04-21 11:05:47.477060,NORMAL
U00854,FR,INTERMEDIATE,2026-01-25 11:05:47.477062,NORMAL
U00855,DE,BASIC,2025-07-17 11:05:47.477063,NORMAL
U00856,US,FULL,2026-02-12 11:05:47.477065,NORMAL
U00857,US,FULL,2026-04-05 11:05:47.477066,PLATINUM
U00858,CA,FULL,2026-02-03 11:05:47.477067,NORMAL
U00859,JP,INTERMEDIATE,2026-05-28 11:05:47.477069,NORMAL
U00860,AU,INTERMEDIATE,2026-02-22 11:05:47.477070,NORMAL
U00861,SG,INTERMEDIATE,2026-03-20 11:05:47.477072,NORMAL
U00862,DE,BASIC,2026-04-11 11:05:47.477073,GOLD
U00863,UK,BASIC,2025-12-26 11:05:47.477074,NORMAL
U00864,CA,INTERMEDIATE,2026-01-09 11:05:47.477076,NORMAL
U00865,DE,FULL,2025-08-20 11:05:47.477077,SILVER
U00866,US,NONE,2025-10-18 11:05:47.477079,NORMAL
U00867,UK,FULL,2026-03-08 11:05:47.477080,NORMAL
U00868,US,BASIC,2025-11-16 11:05:47.477082,NORMAL
U00869,FR,FULL,2026-03-05 11:05:47.477083,PLATINUM
U00870,SG,INTERMEDIATE,2025-10-24 11:05:47.477084,SILVER
U00871,UK,FULL,2026-03-15 11:05:47.477086,NORMAL
U00872,FR,NONE,2026-03-17 11:05:47.477087,NORMAL
U00873,JP,BASIC,2026-01-26 11:05:47.477088,NORMAL
U00874,AU,NONE,2026-03-26 11:05:47.477090,NORMAL
U00875,CA,FULL,2025-11-05 11:05:47.477091,NORMAL
U00876,CA,NONE,2025-10-14 11:05:47.477093,NORMAL
U00877,FR,NONE,2026-03-05 11:05:47.477094,SILVER
U00878,JP,NONE,2025-09-17 11:05:47.477095,NORMAL
U00879,JP,BASIC,2025-07-30 11:05:47.477097,NORMAL
U00880,DE,BASIC,2025-12-21 11:05:47.477098,NORMAL
U00881,DE,BASIC,2025-10-01 11:05:47.477099,NORMAL
U00882,DE,INTERMEDIATE,2026-05-23 11:05:47.477101,NORMAL
U00883,FR,FULL,2025-09-22 11:05:47.477102,SILVER
U00884,FR,FULL,2026-04-08 11:05:47.477104,NORMAL
U00885,SG,FULL,2026-03-11 11:05:47.477105,NORMAL
U00886,SG,BASIC,2026-02-21 11:05:47.477107,NORMAL
U00887,SG,NONE,2025-08-18 11:05:47.477108,NORMAL
U00888,US,FULL,2025-07-17 11:05:47.477109,SILVER
U00889,US,NONE,2026-02-05 11:05:47.477111,NORMAL
U00890,US,NONE,2025-07-16 11:05:47.477112,NORMAL
U00891,AU,FULL,2025-11-14 11:05:47.477114,NORMAL
U00892,AU,BASIC,2026-02-06 11:05:47.477115,NORMAL
U00893,US,INTERMEDIATE,2025-07-28 11:05:47.477116,NORMAL
U00894,DE,BASIC,2026-04-25 11:05:47.477118,NORMAL
U00895,UK,INTERMEDIATE,2026-04-23 11:05:47.477119,NORMAL
U00896,AU,BASIC,2026-04-22 11:05:47.477121,NORMAL
U00897,JP,INTERMEDIATE,2026-02-01 11:05:47.477122,NORMAL
U00898,SG,NONE,2026-01-15 11:05:47.477123,NORMAL
U00899,AU,INTERMEDIATE,2026-03-01 11:05:47.477125,NORMAL
U00900,UK,NONE,2026-06-09 11:05:47.477126,SILVER
U00901,SG,NONE,2025-10-06 11:05:47.477127,NORMAL
U00902,UK,INTERMEDIATE,2026-05-08 11:05:47.477129,NORMAL
U00903,DE,INTERMEDIATE,2025-10-25 11:05:47.477130,NORMAL
U00904,SG,NONE,2026-04-25 11:05:47.477132,SILVER
U00905,FR,FULL,2025-12-13 11:05:47.477133,NORMAL
U00906,US,NONE,2026-04-28 11:05:47.477135,SILVER
U00907,SG,INTERMEDIATE,2025-07-19 11:05:47.477136,NORMAL
U00908,DE,NONE,2025-11-03 11:05:47.477138,NORMAL
U00909,SG,NONE,2025-12-22 11:05:47.477139,NORMAL
U00910,DE,FULL,2025-10-25 11:05:47.477140,NORMAL
U00911,CA,BASIC,2025-10-14 11:05:47.477142,NORMAL
U00912,SG,NONE,2026-05-16 11:05:47.477143,NORMAL
U00913,AU,FULL,2025-08-17 11:05:47.477145,NORMAL
U00914,FR,NONE,2025-12-03 11:05:47.477146,SILVER
U00915,AU,FULL,2026-04-10 11:05:47.477148,NORMAL
U00916,AU,NONE,2025-11-17 11:05:47.477149,NORMAL
U00917,FR,NONE,2025-07-15 11:05:47.477150,NORMAL
U00918,JP,INTERMEDIATE,2025-09-20 11:05:47.477152,NORMAL
U00919,UK,FULL,2025-08-03 11:05:47.477153,NORMAL
U00920,AU,INTERMEDIATE,2026-02-08 11:05:47.477155,NORMAL
U00921,CA,BASIC,2025-07-22 11:05:47.477156,SILVER
U00922,US,NONE,2025-09-03 11:05:47.477158,NORMAL
U00923,AU,FULL,2026-03-27 11:05:47.477159,SILVER
U00924,AU,INTERMEDIATE,2026-05-08 11:05:47.477160,NORMAL
U00925,US,BASIC,2026-01-24 11:05:47.477162,NORMAL
U00926,CA,BASIC,2025-12-04 11:05:47.477163,NORMAL
U00927,AU,NONE,2025-10-31 11:05:47.477165,SILVER
U00928,FR,NONE,2025-10-30 11:05:47.477166,PLATINUM
U00929,US,NONE,2025-07-16 11:05:47.477167,NORMAL
U00930,US,NONE,2026-05-28 11:05:47.477169,NORMAL
U00931,DE,BASIC,2025-08-03 11:05:47.477170,NORMAL
U00932,FR,INTERMEDIATE,2025-10-25 11:05:47.477172,SILVER
U00933,AU,INTERMEDIATE,2026-02-21 11:05:47.477173,NORMAL
U00934,AU,INTERMEDIATE,2025-08-02 11:05:47.477175,NORMAL
U00935,UK,BASIC,2026-04-18 11:05:47.477176,NORMAL
U00936,DE,INTERMEDIATE,2025-12-16 11:05:47.477178,NORMAL
U00937,SG,FULL,2026-05-23 11:05:47.477179,NORMAL
U00938,UK,INTERMEDIATE,2025-11-18 11:05:47.477180,NORMAL
U00939,UK,FULL,2026-03-11 11:05:47.477182,NORMAL
U00940,FR,NONE,2026-03-10 11:05:47.477183,NORMAL
U00941,UK,FULL,2026-05-23 11:05:47.477185,NORMAL
U00942,SG,FULL,2025-08-18 11:05:47.477186,NORMAL
U00943,CA,FULL,2026-05-22 11:05:47.477188,GOLD
U00944,SG,BASIC,2026-03-17 11:05:47.477189,NORMAL
U00945,FR,FULL,2025-08-12 11:05:47.477190,NORMAL
U00946,JP,INTERMEDIATE,2025-08-08 11:05:47.477192,NORMAL
U00947,DE,FULL,2025-12-22 11:05:47.477193,SILVER
U00948,CA,INTERMEDIATE,2026-04-06 11:05:47.477195,SILVER
U00949,FR,BASIC,2025-09-08 11:05:47.477196,NORMAL
U00950,DE,INTERMEDIATE,2025-07-31 11:05:47.477198,GOLD
U00951,SG,INTERMEDIATE,2026-04-09 11:05:47.477199,NORMAL
U00952,AU,FULL,2025-12-17 11:05:47.477201,NORMAL
U00953,DE,FULL,2025-09-15 11:05:47.477202,SILVER
U00954,UK,NONE,2025-09-21 11:05:47.477203,NORMAL
U00955,US,BASIC,2026-05-19 11:05:47.477205,NORMAL
U00956,DE,INTERMEDIATE,2026-03-25 11:05:47.477206,NORMAL
U00957,DE,BASIC,2026-05-15 11:05:47.477208,NORMAL
U00958,FR,FULL,2026-05-30 11:05:47.477209,NORMAL
U00959,JP,FULL,2025-09-01 11:05:47.477211,NORMAL
U00960,US,FULL,2026-01-19 11:05:47.477212,NORMAL
U00961,US,NONE,2026-01-06 11:05:47.477214,NORMAL
U00962,AU,BASIC,2026-03-04 11:05:47.477215,GOLD
U00963,FR,BASIC,2025-07-19 11:05:47.477217,NORMAL
U00964,DE,FULL,2026-03-08 11:05:47.477218,NORMAL
U00965,SG,BASIC,2026-05-08 11:05:47.477219,NORMAL
U00966,CA,NONE,2026-04-15 11:05:47.477221,NORMAL
U00967,DE,BASIC,2025-09-04 11:05:47.477222,NORMAL
U00968,US,INTERMEDIATE,2026-02-05 11:05:47.477224,NORMAL
U00969,US,BASIC,2026-03-28 11:05:47.477225,GOLD
U00970,US,INTERMEDIATE,2025-08-14 11:05:47.477226,NORMAL
U00971,FR,NONE,2025-08-26 11:05:47.477228,NORMAL
U00972,JP,BASIC,2026-01-04 11:05:47.477229,NORMAL
U00973,SG,FULL,2025-09-30 11:05:47.477231,NORMAL
U00974,UK,INTERMEDIATE,2025-11-21 11:05:47.477233,NORMAL
U00975,FR,INTERMEDIATE,2026-02-26 11:05:47.477234,NORMAL
U00976,AU,NONE,2026-02-24 11:05:47.477235,NORMAL
U00977,AU,BASIC,2025-12-20 11:05:47.477237,GOLD
U00978,JP,NONE,2025-08-05 11:05:47.477238,NORMAL
U00979,CA,NONE,2026-01-02 11:05:47.477240,NORMAL
U00980,DE,NONE,2025-09-12 11:05:47.477241,GOLD
U00981,AU,FULL,2025-12-06 11:05:47.477242,NORMAL
U00982,JP,INTERMEDIATE,2025-07-17 11:05:47.477244,NORMAL
U00983,SG,NONE,2026-04-27 11:05:47.477245,NORMAL
U00984,JP,FULL,2026-02-28 11:05:47.477247,SILVER
U00985,CA,NONE,2026-03-02 11:05:47.477248,NORMAL
U00986,US,FULL,2026-03-29 11:05:47.477250,NORMAL
U00987,UK,NONE,2026-05-27 11:05:47.477251,NORMAL
U00988,UK,BASIC,2026-02-07 11:05:47.477253,GOLD
U00989,CA,FULL,2025-11-19 11:05:47.477254,NORMAL
U00990,FR,NONE,2025-11-06 11:05:47.477256,NORMAL
U00991,US,NONE,2026-04-16 11:05:47.477257,NORMAL
U00992,US,NONE,2025-08-20 11:05:47.477258,NORMAL
U00993,UK,INTERMEDIATE,2025-10-01 11:05:47.477260,NORMAL
U00994,UK,INTERMEDIATE,2026-01-12 11:05:47.477261,NORMAL
U00995,CA,FULL,2025-11-03 11:05:47.477263,SILVER
U00996,AU,BASIC,2026-05-31 11:05:47.477264,NORMAL
U00997,CA,INTERMEDIATE,2026-04-07 11:05:47.477265,GOLD
U00998,DE,INTERMEDIATE,2026-04-03 11:05:47.477267,GOLD
U00999,SG,NONE,2026-06-10 11:05:47.477268,NORMAL
U01000,CA,NONE,2025-08-26 11:05:47.477270,NORMAL
U01001,JP,FULL,2025-12-21 11:05:47.477271,GOLD
U01002,SG,BASIC,2025-09-26 11:05:47.477273,NORMAL
U01003,DE,BASIC,2025-08-04 11:05:47.477274,NORMAL
U01004,US,FULL,2025-08-29 11:05:47.477275,NORMAL
U01005,DE,NONE,2026-05-09 11:05:47.477277,NORMAL
U01006,AU,INTERMEDIATE,2026-03-06 11:05:47.477278,NORMAL
U01007,JP,NONE,2025-07-15 11:05:47.477280,NORMAL
U01008,JP,INTERMEDIATE,2026-05-11 11:05:47.477281,NORMAL
U01009,DE,BASIC,2025-12-29 11:05:47.477283,NORMAL
U01010,FR,FULL,2025-12-11 11:05:47.477284,NORMAL
U01011,JP,BASIC,2026-01-06 11:05:47.477285,NORMAL
U01012,CA,INTERMEDIATE,2025-07-22 11:05:47.477287,SILVER
U01013,FR,FULL,2026-04-08 11:05:47.477288,NORMAL
U01014,DE,FULL,2025-12-14 11:05:47.477290,NORMAL
U01015,UK,INTERMEDIATE,2026-03-18 11:05:47.477291,SILVER
U01016,JP,INTERMEDIATE,2026-04-05 11:05:47.477292,NORMAL
U01017,UK,NONE,2025-07-30 11:05:47.477294,SILVER
U01018,US,FULL,2025-09-29 11:05:47.477295,NORMAL
U01019,US,INTERMEDIATE,2026-02-27 11:05:47.477297,NORMAL
U01020,AU,BASIC,2025-09-12 11:05:47.477298,NORMAL
U01021,DE,BASIC,2026-02-21 11:05:47.477299,NORMAL
U01022,UK,FULL,2025-09-27 11:05:47.477301,NORMAL
U01023,JP,BASIC,2026-06-10 11:05:47.477302,NORMAL
U01024,AU,BASIC,2026-04-05 11:05:47.477304,NORMAL
U01025,SG,FULL,2025-08-30 11:05:47.477305,GOLD
U01026,JP,FULL,2026-05-26 11:05:47.477307,NORMAL
U01027,FR,BASIC,2026-01-31 11:05:47.477308,NORMAL
U01028,FR,FULL,2026-03-02 11:05:47.477309,NORMAL
U01029,US,NONE,2025-10-26 11:05:47.477311,PLATINUM
U01030,UK,INTERMEDIATE,2026-01-01 11:05:47.477312,SILVER
U01031,SG,FULL,2026-02-01 11:05:47.477314,NORMAL
U01032,UK,INTERMEDIATE,2025-12-10 11:05:47.477315,NORMAL
U01033,CA,INTERMEDIATE,2026-02-21 11:05:47.477317,SILVER
U01034,AU,FULL,2025-12-21 11:05:47.477318,SILVER
U01035,SG,FULL,2026-06-12 11:05:47.477319,NORMAL
U01036,DE,BASIC,2026-05-07 11:05:47.477321,NORMAL
U01037,FR,NONE,2026-03-27 11:05:47.477322,NORMAL
U01038,FR,NONE,2025-11-15 11:05:47.477323,NORMAL
U01039,AU,BASIC,2025-10-13 11:05:47.477325,NORMAL
U01040,CA,NONE,2025-07-19 11:05:47.477326,NORMAL
U01041,SG,BASIC,2026-04-11 11:05:47.477327,NORMAL
U01042,SG,NONE,2026-05-26 11:05:47.477329,NORMAL
U01043,CA,NONE,2026-03-15 11:05:47.477330,SILVER
U01044,UK,BASIC,2026-01-21 11:05:47.477332,NORMAL
U01045,AU,BASIC,2025-10-17 11:05:47.477333,NORMAL
U01046,SG,BASIC,2025-11-17 11:05:47.477335,NORMAL
U01047,DE,BASIC,2025-09-27 11:05:47.477336,NORMAL
U01048,AU,NONE,2025-12-22 11:05:47.477337,NORMAL
U01049,SG,NONE,2025-11-30 11:05:47.477339,NORMAL
U01050,CA,BASIC,2025-09-21 11:05:47.477340,NORMAL
U01051,AU,NONE,2026-03-17 11:05:47.477342,SILVER
U01052,UK,NONE,2025-09-16 11:05:47.477343,NORMAL
U01053,US,FULL,2026-04-10 11:05:47.477345,NORMAL
U01054,US,FULL,2025-12-08 11:05:47.477346,NORMAL
U01055,CA,INTERMEDIATE,2025-10-12 11:05:47.477347,NORMAL
U01056,UK,FULL,2025-08-25 11:05:47.477349,NORMAL
U01057,JP,NONE,2025-10-14 11:05:47.477350,NORMAL
U01058,CA,INTERMEDIATE,2025-09-10 11:05:47.477352,NORMAL
U01059,UK,NONE,2026-06-12 11:05:47.477353,NORMAL
U01060,FR,FULL,2026-03-02 11:05:47.477354,NORMAL
U01061,CA,INTERMEDIATE,2026-03-28 11:05:47.477356,NORMAL
U01062,CA,INTERMEDIATE,2025-09-14 11:05:47.477357,NORMAL
U01063,JP,FULL,2025-11-24 11:05:47.477359,NORMAL
U01064,AU,BASIC,2025-09-03 11:05:47.477360,NORMAL
U01065,AU,INTERMEDIATE,2025-09-04 11:05:47.477361,PLATINUM
U01066,FR,FULL,2025-08-24 11:05:47.477363,NORMAL
U01067,JP,FULL,2026-04-16 11:05:47.477364,NORMAL
U01068,UK,BASIC,2026-03-25 11:05:47.477366,NORMAL
U01069,US,BASIC,2025-12-24 11:05:47.477367,NORMAL
U01070,US,NONE,2025-07-25 11:05:47.477369,SILVER
U01071,CA,NONE,2025-10-17 11:05:47.477370,NORMAL
U01072,FR,NONE,2026-02-22 11:05:47.477372,NORMAL
U01073,CA,INTERMEDIATE,2025-12-01 11:05:47.477373,NORMAL
U01074,US,BASIC,2025-08-14 11:05:47.477375,NORMAL
U01075,US,BASIC,2025-11-03 11:05:47.477376,SILVER
U01076,DE,BASIC,2025-09-23 11:05:47.477377,NORMAL
U01077,JP,BASIC,2025-08-13 11:05:47.477379,NORMAL
U01078,JP,NONE,2025-12-13 11:05:47.477380,GOLD
U01079,DE,FULL,2026-05-02 11:05:47.477382,NORMAL
U01080,CA,BASIC,2025-11-25 11:05:47.477383,NORMAL
U01081,UK,INTERMEDIATE,2026-05-11 11:05:47.477384,NORMAL
U01082,FR,INTERMEDIATE,2025-09-02 11:05:47.477386,GOLD
U01083,JP,BASIC,2026-01-25 11:05:47.477387,NORMAL
U01084,US,INTERMEDIATE,2025-11-21 11:05:47.477389,NORMAL
U01085,UK,NONE,2025-09-29 11:05:47.477390,NORMAL
U01086,UK,INTERMEDIATE,2025-12-23 11:05:47.477391,SILVER
U01087,DE,FULL,2025-08-25 11:05:47.477393,GOLD
U01088,AU,BASIC,2025-08-31 11:05:47.477394,NORMAL
U01089,AU,NONE,2025-10-24 11:05:47.477396,NORMAL
U01090,UK,FULL,2026-02-03 11:05:47.477397,NORMAL
U01091,JP,INTERMEDIATE,2026-02-23 11:05:47.477399,NORMAL
U01092,US,INTERMEDIATE,2025-12-17 11:05:47.477400,NORMAL
U01093,CA,INTERMEDIATE,2026-04-29 11:05:47.477401,NORMAL
U01094,AU,INTERMEDIATE,2026-03-16 11:05:47.477403,NORMAL
U01095,DE,BASIC,2025-08-26 11:05:47.477404,GOLD
U01096,AU,BASIC,2026-03-10 11:05:47.477406,NORMAL
U01097,DE,BASIC,2026-02-12 11:05:47.477407,NORMAL
U01098,FR,BASIC,2026-02-08 11:05:47.477409,NORMAL
U01099,UK,FULL,2026-04-15 11:05:47.477410,NORMAL
U01100,US,FULL,2025-09-11 11:05:47.477411,NORMAL
U01101,AU,INTERMEDIATE,2026-01-05 11:05:47.477413,NORMAL
U01102,DE,FULL,2025-09-27 11:05:47.477415,NORMAL
U01103,SG,NONE,2025-08-24 11:05:47.477416,NORMAL
U01104,AU,NONE,2025-11-11 11:05:47.477418,NORMAL
U01105,SG,FULL,2025-11-26 11:05:47.477419,GOLD
U01106,AU,INTERMEDIATE,2025-09-23 11:05:47.477421,NORMAL
U01107,JP,FULL,2026-06-09 11:05:47.477422,NORMAL
U01108,FR,INTERMEDIATE,2025-12-31 11:05:47.477423,NORMAL
U01109,JP,INTERMEDIATE,2026-02-01 11:05:47.477425,NORMAL
U01110,FR,INTERMEDIATE,2025-08-06 11:05:47.477426,NORMAL
U01111,JP,FULL,2025-11-10 11:05:47.477427,NORMAL
U01112,FR,FULL,2025-12-07 11:05:47.477429,NORMAL
U01113,SG,BASIC,2026-03-15 11:05:47.477430,SILVER
U01114,JP,FULL,2026-01-28 11:05:47.477431,SILVER
U01115,SG,BASIC,2026-03-07 11:05:47.477433,NORMAL
U01116,SG,FULL,2026-06-11 11:05:47.477434,NORMAL
U01117,FR,FULL,2025-07-28 11:05:47.477436,NORMAL
U01118,US,FULL,2025-09-01 11:05:47.477437,NORMAL
U01119,US,BASIC,2026-03-24 11:05:47.477439,SILVER
U01120,UK,FULL,2025-10-15 11:05:47.477440,NORMAL
U01121,FR,INTERMEDIATE,2026-02-02 11:05:47.477441,NORMAL
U01122,FR,NONE,2026-02-04 11:05:47.477443,NORMAL
U01123,JP,BASIC,2025-12-18 11:05:47.477444,GOLD
U01124,FR,INTERMEDIATE,2026-01-21 11:05:47.477446,NORMAL
U01125,AU,NONE,2025-10-09 11:05:47.477447,NORMAL
U01126,AU,BASIC,2026-01-20 11:05:47.477449,SILVER
U01127,FR,FULL,2025-07-23 11:05:47.477450,NORMAL
U01128,CA,NONE,2025-08-27 11:05:47.477451,NORMAL
U01129,JP,INTERMEDIATE,2025-12-22 11:05:47.477453,NORMAL
U01130,DE,FULL,2026-01-17 11:05:47.477454,NORMAL
U01131,FR,FULL,2025-10-31 11:05:47.477456,NORMAL
U01132,US,BASIC,2026-03-13 11:05:47.477457,NORMAL
U01133,UK,BASIC,2026-02-07 11:05:47.477459,NORMAL
U01134,UK,NONE,2026-04-24 11:05:47.477460,GOLD
U01135,US,NONE,2025-10-16 11:05:47.477462,NORMAL
U01136,UK,NONE,2025-09-20 11:05:47.477463,NORMAL
U01137,UK,FULL,2026-03-28 11:05:47.477464,NORMAL
U01138,DE,FULL,2026-02-09 11:05:47.477466,NORMAL
U01139,SG,NONE,2026-04-09 11:05:47.477467,NORMAL
U01140,FR,FULL,2025-12-15 11:05:47.477469,NORMAL
U01141,DE,FULL,2025-09-12 11:05:47.477470,NORMAL
U01142,SG,FULL,2025-09-12 11:05:47.477471,NORMAL
U01143,CA,INTERMEDIATE,2025-07-25 11:05:47.477473,GOLD
U01144,JP,NONE,2025-10-12 11:05:47.477474,NORMAL
U01145,CA,INTERMEDIATE,2025-12-10 11:05:47.477476,NORMAL
U01146,US,BASIC,2026-06-10 11:05:47.477477,NORMAL
U01147,US,FULL,2025-10-18 11:05:47.477478,GOLD
U01148,DE,NONE,2025-10-14 11:05:47.477480,NORMAL
U01149,JP,NONE,2026-01-17 11:05:47.477481,NORMAL
U01150,CA,FULL,2026-03-11 11:05:47.477483,NORMAL
U01151,CA,FULL,2026-03-24 11:05:47.477484,NORMAL
U01152,CA,BASIC,2026-05-06 11:05:47.477486,NORMAL
U01153,DE,INTERMEDIATE,2025-08-06 11:05:47.477487,NORMAL
U01154,DE,FULL,2025-09-16 11:05:47.477488,NORMAL
U01155,SG,BASIC,2026-05-11 11:05:47.477490,NORMAL
U01156,AU,FULL,2025-07-24 11:05:47.477491,NORMAL
U01157,AU,BASIC,2025-08-01 11:05:47.477493,NORMAL
U01158,US,NONE,2026-03-30 11:05:47.477494,NORMAL
U01159,DE,INTERMEDIATE,2026-04-24 11:05:47.477495,NORMAL
U01160,US,BASIC,2025-11-03 11:05:47.477497,NORMAL
U01161,AU,BASIC,2026-06-08 11:05:47.477498,NORMAL
U01162,AU,INTERMEDIATE,2026-01-07 11:05:47.477499,NORMAL
U01163,FR,NONE,2026-05-30 11:05:47.477501,SILVER
U01164,US,INTERMEDIATE,2026-04-02 11:05:47.477503,NORMAL
U01165,AU,BASIC,2026-05-10 11:05:47.477504,NORMAL
U01166,CA,NONE,2026-02-07 11:05:47.477505,NORMAL
U01167,CA,FULL,2026-02-08 11:05:47.477507,NORMAL
U01168,JP,FULL,2026-05-29 11:05:47.477508,NORMAL
U01169,JP,FULL,2026-04-28 11:05:47.477510,NORMAL
U01170,FR,BASIC,2026-01-07 11:05:47.477511,NORMAL
U01171,UK,INTERMEDIATE,2026-05-25 11:05:47.477512,NORMAL
U01172,JP,INTERMEDIATE,2026-01-14 11:05:47.477514,SILVER
U01173,UK,BASIC,2026-02-24 11:05:47.477515,NORMAL
U01174,US,BASIC,2025-12-31 11:05:47.477517,NORMAL
U01175,UK,FULL,2025-08-20 11:05:47.477518,NORMAL
U01176,US,FULL,2026-06-11 11:05:47.477519,NORMAL
U01177,FR,NONE,2026-03-28 11:05:47.477521,NORMAL
U01178,UK,INTERMEDIATE,2025-10-03 11:05:47.477522,GOLD
U01179,US,NONE,2025-07-30 11:05:47.477523,NORMAL
U01180,UK,BASIC,2026-03-29 11:05:47.477525,NORMAL
U01181,FR,FULL,2026-01-04 11:05:47.477526,NORMAL
U01182,CA,INTERMEDIATE,2026-06-05 11:05:47.477528,NORMAL
U01183,US,FULL,2026-02-07 11:05:47.477529,NORMAL
U01184,DE,FULL,2025-09-02 11:05:47.477530,NORMAL
U01185,FR,INTERMEDIATE,2026-03-12 11:05:47.477532,NORMAL
U01186,SG,NONE,2026-01-26 11:05:47.477533,NORMAL
U01187,DE,INTERMEDIATE,2025-10-28 11:05:47.477535,NORMAL
U01188,US,FULL,2025-10-26 11:05:47.477536,NORMAL
U01189,FR,BASIC,2026-06-06 11:05:47.477538,NORMAL
U01190,CA,BASIC,2026-05-14 11:05:47.477539,NORMAL
U01191,SG,INTERMEDIATE,2025-10-04 11:05:47.477540,NORMAL
U01192,FR,NONE,2025-07-22 11:05:47.477542,NORMAL
U01193,US,BASIC,2026-05-12 11:05:47.477543,NORMAL
U01194,JP,NONE,2026-05-30 11:05:47.477545,NORMAL
U01195,US,FULL,2026-04-26 11:05:47.477546,NORMAL
U01196,DE,NONE,2025-09-19 11:05:47.477548,NORMAL
U01197,UK,NONE,2025-08-09 11:05:47.477549,GOLD
U01198,AU,NONE,2026-03-01 11:05:47.477550,NORMAL
U01199,US,INTERMEDIATE,2025-07-23 11:05:47.477552,NORMAL
U01200,FR,NONE,2025-11-15 11:05:47.477553,SILVER
U01201,US,NONE,2026-01-30 11:05:47.477555,SILVER
U01202,JP,NONE,2026-05-07 11:05:47.477556,NORMAL
U01203,CA,BASIC,2026-02-17 11:05:47.477558,NORMAL
U01204,SG,FULL,2026-02-08 11:05:47.477559,NORMAL
U01205,FR,FULL,2025-07-24 11:05:47.477560,NORMAL
U01206,UK,BASIC,2025-11-09 11:05:47.477562,NORMAL
U01207,CA,INTERMEDIATE,2025-09-07 11:05:47.477563,NORMAL
U01208,AU,INTERMEDIATE,2025-09-15 11:05:47.477565,GOLD
U01209,FR,INTERMEDIATE,2025-09-07 11:05:47.477566,NORMAL
U01210,CA,INTERMEDIATE,2025-07-26 11:05:47.477567,NORMAL
U01211,JP,FULL,2025-08-31 11:05:47.477569,NORMAL
U01212,FR,FULL,2026-02-05 11:05:47.477570,NORMAL
U01213,US,NONE,2025-11-24 11:05:47.477572,PLATINUM
U01214,US,BASIC,2025-08-14 11:05:47.477573,PLATINUM
U01215,US,INTERMEDIATE,2026-01-12 11:05:47.477574,PLATINUM
U01216,FR,NONE,2026-02-26 11:05:47.477576,NORMAL
U01217,SG,NONE,2026-01-25 11:05:47.477577,NORMAL
U01218,SG,BASIC,2025-12-15 11:05:47.477579,NORMAL
U01219,JP,BASIC,2025-08-21 11:05:47.477580,NORMAL
U01220,UK,FULL,2026-01-13 11:05:47.477582,NORMAL
U01221,UK,INTERMEDIATE,2026-02-24 11:05:47.477583,NORMAL
U01222,AU,NONE,2026-03-19 11:05:47.477585,NORMAL
U01223,US,FULL,2026-01-13 11:05:47.477586,NORMAL
U01224,FR,INTERMEDIATE,2026-05-18 11:05:47.477587,SILVER
U01225,CA,NONE,2025-11-05 11:05:47.477589,SILVER
U01226,US,FULL,2026-02-19 11:05:47.477590,NORMAL
U01227,US,INTERMEDIATE,2025-09-20 11:05:47.477592,NORMAL
U01228,FR,BASIC,2026-03-31 11:05:47.477593,NORMAL
U01229,AU,NONE,2025-11-26 11:05:47.477595,NORMAL
U01230,CA,BASIC,2026-01-18 11:05:47.477596,NORMAL
U01231,AU,NONE,2026-05-04 11:05:47.477598,NORMAL
U01232,UK,FULL,2026-02-01 11:05:47.477599,NORMAL
U01233,SG,FULL,2026-04-10 11:05:47.477601,NORMAL
U01234,CA,BASIC,2025-10-09 11:05:47.477602,NORMAL
U01235,JP,BASIC,2025-09-20 11:05:47.477603,NORMAL
U01236,FR,NONE,2025-11-07 11:05:47.477605,NORMAL
U01237,CA,INTERMEDIATE,2025-11-16 11:05:47.477606,NORMAL
U01238,FR,NONE,2026-01-02 11:05:47.477608,NORMAL
U01239,FR,FULL,2026-03-21 11:05:47.477609,NORMAL
U01240,US,BASIC,2025-11-02 11:05:47.477610,NORMAL
U01241,SG,NONE,2025-12-06 11:05:47.477612,NORMAL
U01242,JP,BASIC,2026-05-19 11:05:47.477613,SILVER
U01243,US,INTERMEDIATE,2026-01-19 11:05:47.477615,NORMAL
U01244,DE,FULL,2026-04-20 11:05:47.477616,NORMAL
U01245,JP,BASIC,2025-12-28 11:05:47.477617,NORMAL
U01246,DE,FULL,2025-09-21 11:05:47.477619,NORMAL
U01247,US,FULL,2026-04-04 11:05:47.477620,NORMAL
U01248,US,INTERMEDIATE,2025-09-19 11:05:47.477622,NORMAL
U01249,JP,INTERMEDIATE,2026-01-21 11:05:47.477623,NORMAL
U01250,US,NONE,2025-07-15 11:05:47.477625,NORMAL
U01251,FR,NONE,2026-01-28 11:05:47.477626,NORMAL
U01252,CA,BASIC,2025-07-18 11:05:47.477628,GOLD
U01253,UK,INTERMEDIATE,2025-09-28 11:05:47.477629,NORMAL
U01254,UK,BASIC,2025-08-14 11:05:47.477630,NORMAL
U01255,US,NONE,2025-10-24 11:05:47.477632,NORMAL
U01256,DE,INTERMEDIATE,2025-09-17 11:05:47.477633,NORMAL
U01257,US,INTERMEDIATE,2026-03-27 11:05:47.477635,NORMAL
U01258,DE,BASIC,2025-12-16 11:05:47.477636,PLATINUM
U01259,DE,NONE,2025-10-02 11:05:47.477637,NORMAL
U01260,US,INTERMEDIATE,2025-11-29 11:05:47.477639,NORMAL
U01261,CA,BASIC,2025-12-23 11:05:47.477640,NORMAL
U01262,JP,FULL,2025-12-02 11:05:47.477642,NORMAL
U01263,CA,INTERMEDIATE,2026-03-29 11:05:47.477643,GOLD
U01264,AU,BASIC,2025-12-29 11:05:47.477645,NORMAL
U01265,JP,BASIC,2026-04-06 11:05:47.477646,NORMAL
U01266,SG,FULL,2025-09-20 11:05:47.477648,PLATINUM
U01267,SG,INTERMEDIATE,2026-04-02 11:05:47.477649,NORMAL
U01268,UK,BASIC,2025-09-16 11:05:47.477651,NORMAL
U01269,US,INTERMEDIATE,2026-04-02 11:05:47.477652,SILVER
U01270,CA,INTERMEDIATE,2025-11-16 11:05:47.477654,NORMAL
U01271,DE,BASIC,2025-07-24 11:05:47.477655,NORMAL
U01272,SG,BASIC,2026-04-22 11:05:47.477656,NORMAL
U01273,DE,BASIC,2025-08-06 11:05:47.477658,NORMAL
U01274,US,INTERMEDIATE,2026-02-17 11:05:47.477659,NORMAL
U01275,SG,FULL,2025-10-14 11:05:47.477661,NORMAL
U01276,SG,FULL,2025-12-06 11:05:47.477662,NORMAL
U01277,SG,BASIC,2026-04-06 11:05:47.477663,NORMAL
U01278,US,INTERMEDIATE,2025-11-18 11:05:47.477665,GOLD
U01279,JP,BASIC,2026-02-22 11:05:47.477666,NORMAL
U01280,AU,INTERMEDIATE,2025-11-03 11:05:47.477668,SILVER
U01281,CA,FULL,2026-02-09 11:05:47.477669,NORMAL
U01282,CA,INTERMEDIATE,2025-08-08 11:05:47.477670,NORMAL
U01283,US,NONE,2025-08-27 11:05:47.477672,NORMAL
U01284,JP,FULL,2026-05-25 11:05:47.477673,PLATINUM
U01285,CA,NONE,2026-05-26 11:05:47.477675,NORMAL
U01286,CA,INTERMEDIATE,2025-11-02 11:05:47.477676,NORMAL
U01287,AU,BASIC,2026-01-20 11:05:47.477678,NORMAL
U01288,US,BASIC,2025-08-06 11:05:47.477679,NORMAL
U01289,AU,NONE,2025-07-20 11:05:47.477680,NORMAL
U01290,SG,BASIC,2026-04-19 11:05:47.477682,NORMAL
U01291,AU,NONE,2026-01-01 11:05:47.477683,NORMAL
U01292,JP,FULL,2025-08-17 11:05:47.477685,NORMAL
U01293,SG,NONE,2026-01-01 11:05:47.477686,NORMAL
U01294,FR,NONE,2025-10-28 11:05:47.477687,NORMAL
U01295,SG,FULL,2025-12-01 11:05:47.477689,NORMAL
U01296,SG,INTERMEDIATE,2026-05-24 11:05:47.477690,NORMAL
U01297,SG,BASIC,2026-03-31 11:05:47.477692,NORMAL
U01298,CA,INTERMEDIATE,2026-05-20 11:05:47.477693,NORMAL
U01299,DE,BASIC,2025-10-30 11:05:47.477695,NORMAL
U01300,JP,NONE,2026-04-09 11:05:47.477696,NORMAL
U01301,US,FULL,2026-02-06 11:05:47.477697,NORMAL
U01302,US,FULL,2025-10-03 11:05:47.477699,NORMAL
U01303,AU,FULL,2025-08-18 11:05:47.477700,NORMAL
U01304,US,BASIC,2026-05-06 11:05:47.477702,SILVER
U01305,JP,NONE,2026-01-24 11:05:47.477703,NORMAL
U01306,FR,NONE,2026-05-18 11:05:47.477705,NORMAL
U01307,DE,INTERMEDIATE,2026-05-30 11:05:47.477706,GOLD
U01308,UK,FULL,2026-05-21 11:05:47.477707,PLATINUM
U01309,DE,BASIC,2026-03-25 11:05:47.477709,GOLD
U01310,FR,NONE,2025-08-23 11:05:47.477710,NORMAL
U01311,FR,INTERMEDIATE,2026-01-13 11:05:47.477712,SILVER
U01312,CA,NONE,2026-05-12 11:05:47.477713,NORMAL
U01313,UK,INTERMEDIATE,2026-04-08 11:05:47.477715,NORMAL
U01314,JP,BASIC,2025-11-16 11:05:47.477716,NORMAL
U01315,UK,FULL,2026-04-21 11:05:47.477717,NORMAL
U01316,DE,FULL,2025-08-10 11:05:47.477719,NORMAL
U01317,DE,INTERMEDIATE,2026-01-04 11:05:47.477721,GOLD
U01318,AU,FULL,2025-08-05 11:05:47.477722,NORMAL
U01319,JP,INTERMEDIATE,2026-03-15 11:05:47.477723,GOLD
U01320,UK,NONE,2026-06-15 11:05:47.477725,NORMAL
U01321,JP,FULL,2026-04-16 11:05:47.477726,NORMAL
U01322,FR,BASIC,2025-12-27 11:05:47.477727,NORMAL
U01323,DE,INTERMEDIATE,2026-03-04 11:05:47.477729,NORMAL
U01324,DE,INTERMEDIATE,2026-01-09 11:05:47.477730,NORMAL
U01325,FR,INTERMEDIATE,2026-04-18 11:05:47.477732,NORMAL
U01326,US,BASIC,2025-08-28 11:05:47.477733,NORMAL
U01327,AU,FULL,2025-12-24 11:05:47.477735,NORMAL
U01328,SG,FULL,2025-07-20 11:05:47.477736,NORMAL
U01329,FR,FULL,2025-10-23 11:05:47.477737,NORMAL
U01330,US,INTERMEDIATE,2025-11-16 11:05:47.477739,NORMAL
U01331,US,BASIC,2026-01-05 11:05:47.477740,NORMAL
U01332,FR,NONE,2025-12-28 11:05:47.477742,GOLD
U01333,US,INTERMEDIATE,2026-01-23 11:05:47.477743,PLATINUM
U01334,SG,FULL,2025-07-30 11:05:47.477745,NORMAL
U01335,DE,INTERMEDIATE,2026-04-17 11:05:47.477746,NORMAL
U01336,CA,NONE,2026-01-27 11:05:47.477747,NORMAL
U01337,FR,FULL,2026-02-14 11:05:47.477749,SILVER
U01338,JP,INTERMEDIATE,2026-01-12 11:05:47.477750,NORMAL
U01339,US,BASIC,2025-12-06 11:05:47.477752,GOLD
U01340,US,FULL,2025-10-31 11:05:47.477753,GOLD
U01341,JP,INTERMEDIATE,2026-03-29 11:05:47.477754,GOLD
U01342,DE,INTERMEDIATE,2025-09-20 11:05:47.477756,NORMAL
U01343,SG,BASIC,2026-04-26 11:05:47.477757,NORMAL
U01344,CA,NONE,2025-10-23 11:05:47.477759,NORMAL
U01345,UK,INTERMEDIATE,2026-05-24 11:05:47.477760,NORMAL
U01346,UK,INTERMEDIATE,2026-05-23 11:05:47.477762,NORMAL
U01347,JP,INTERMEDIATE,2026-01-07 11:05:47.477763,NORMAL
U01348,DE,INTERMEDIATE,2026-01-20 11:05:47.477764,NORMAL
U01349,DE,BASIC,2026-04-16 11:05:47.477766,NORMAL
U01350,US,NONE,2026-04-18 11:05:47.477767,NORMAL
U01351,FR,INTERMEDIATE,2025-12-18 11:05:47.477769,NORMAL
U01352,JP,BASIC,2026-01-21 11:05:47.477770,NORMAL
U01353,FR,FULL,2025-08-06 11:05:47.477771,NORMAL
U01354,AU,NONE,2026-06-01 11:05:47.477773,NORMAL
U01355,UK,FULL,2026-05-19 11:05:47.477774,NORMAL
U01356,AU,INTERMEDIATE,2025-08-14 11:05:47.477776,NORMAL
U01357,UK,FULL,2026-03-06 11:05:47.477777,NORMAL
U01358,AU,NONE,2026-04-29 11:05:47.477778,NORMAL
U01359,AU,FULL,2025-07-21 11:05:47.477780,NORMAL
U01360,SG,INTERMEDIATE,2026-02-21 11:05:47.477781,GOLD
U01361,SG,INTERMEDIATE,2025-11-27 11:05:47.477783,NORMAL
U01362,AU,FULL,2025-12-31 11:05:47.477784,NORMAL
U01363,UK,INTERMEDIATE,2025-10-15 11:05:47.477786,NORMAL
U01364,DE,INTERMEDIATE,2026-03-20 11:05:47.477787,NORMAL
U01365,UK,FULL,2026-04-11 11:05:47.477788,SILVER
U01366,FR,NONE,2026-04-22 11:05:47.477790,NORMAL
U01367,AU,FULL,2025-09-16 11:05:47.477791,NORMAL
U01368,JP,BASIC,2026-02-13 11:05:47.477792,GOLD
U01369,UK,INTERMEDIATE,2025-12-01 11:05:47.477794,NORMAL
U01370,CA,FULL,2025-08-17 11:05:47.477795,NORMAL
U01371,JP,BASIC,2025-12-22 11:05:47.477797,NORMAL
U01372,AU,NONE,2026-05-07 11:05:47.477798,NORMAL
U01373,FR,NONE,2025-10-21 11:05:47.477799,SILVER
U01374,DE,FULL,2026-03-17 11:05:47.477801,NORMAL
U01375,CA,INTERMEDIATE,2026-04-21 11:05:47.477802,NORMAL
U01376,UK,BASIC,2026-05-15 11:05:47.477804,SILVER
U01377,US,BASIC,2025-08-22 11:05:47.477805,NORMAL
U01378,DE,FULL,2025-10-27 11:05:47.477806,NORMAL
U01379,JP,BASIC,2025-10-30 11:05:47.477808,NORMAL
U01380,DE,INTERMEDIATE,2026-01-04 11:05:47.477809,GOLD
U01381,FR,NONE,2025-11-05 11:05:47.477811,NORMAL
U01382,CA,BASIC,2025-08-06 11:05:47.477812,SILVER
U01383,FR,NONE,2026-05-15 11:05:47.477814,NORMAL
U01384,FR,NONE,2025-09-02 11:05:47.477815,SILVER
U01385,JP,FULL,2026-05-31 11:05:47.477816,NORMAL
U01386,FR,FULL,2025-11-26 11:05:47.477818,NORMAL
U01387,JP,BASIC,2025-11-05 11:05:47.477819,NORMAL
U01388,CA,INTERMEDIATE,2026-03-11 11:05:47.477821,SILVER
U01389,DE,BASIC,2026-03-29 11:05:47.477822,NORMAL
U01390,US,BASIC,2026-05-10 11:05:47.477823,NORMAL
U01391,CA,BASIC,2025-10-09 11:05:47.477825,NORMAL
U01392,CA,FULL,2025-07-22 11:05:47.477826,SILVER
U01393,CA,BASIC,2025-08-10 11:05:47.477828,NORMAL
U01394,AU,FULL,2025-11-10 11:05:47.477829,NORMAL
U01395,CA,NONE,2026-03-12 11:05:47.477830,NORMAL
U01396,DE,FULL,2026-02-14 11:05:47.477832,GOLD
U01397,FR,NONE,2025-08-24 11:05:47.477833,GOLD
U01398,AU,INTERMEDIATE,2025-08-29 11:05:47.477834,NORMAL
U01399,UK,BASIC,2025-10-12 11:05:47.477836,NORMAL
U01400,DE,FULL,2025-09-19 11:05:47.477838,NORMAL
U01401,UK,NONE,2026-05-03 11:05:47.477840,NORMAL
U01402,DE,BASIC,2026-06-29 11:05:47.477843,NORMAL
U01403,US,BASIC,2026-05-01 11:05:47.477845,NORMAL
U01404,FR,BASIC,2026-05-09 11:05:47.477847,SILVER
U01405,DE,NONE,2026-06-01 11:05:47.477848,NORMAL
U01406,DE,INTERMEDIATE,2026-04-23 11:05:47.477850,NORMAL
U01407,AU,BASIC,2026-07-01 11:05:47.477852,NORMAL
U01408,US,NONE,2026-06-01 11:05:47.477854,NORMAL
U01409,UK,INTERMEDIATE,2026-05-05 11:05:47.477855,NORMAL
U01410,DE,NONE,2026-06-22 11:05:47.477857,NORMAL
U01411,SG,FULL,2026-06-24 11:05:47.477859,NORMAL
U01412,FR,INTERMEDIATE,2026-05-12 11:05:47.477860,NORMAL
U01413,AU,NONE,2026-06-08 11:05:47.477862,NORMAL
U01414,FR,FULL,2026-07-04 11:05:47.477864,SILVER
U01415,SG,INTERMEDIATE,2026-04-23 11:05:47.477865,NORMAL
U01416,CA,NONE,2026-05-17 11:05:47.477867,NORMAL
U01417,SG,NONE,2026-04-18 11:05:47.477868,NORMAL
U01418,US,BASIC,2026-05-25 11:05:47.477870,NORMAL
U01419,US,NONE,2026-06-24 11:05:47.477871,NORMAL
U01420,AU,INTERMEDIATE,2026-05-31 11:05:47.477873,NORMAL
U01421,JP,NONE,2026-05-01 11:05:47.477875,NORMAL
U01422,DE,NONE,2026-05-09 11:05:47.477876,NORMAL
U01423,DE,FULL,2026-07-07 11:05:47.477878,NORMAL
U01424,US,NONE,2026-05-29 11:05:47.477879,NORMAL
U01425,CA,BASIC,2026-05-24 11:05:47.477881,NORMAL
U01426,FR,NONE,2026-06-04 11:05:47.477883,NORMAL
U01427,CA,BASIC,2026-06-06 11:05:47.477884,NORMAL
U01428,JP,BASIC,2026-06-08 11:05:47.477886,NORMAL
U01429,FR,BASIC,2026-06-15 11:05:47.477887,NORMAL
U01430,US,BASIC,2026-06-30 11:05:47.477889,NORMAL
U01431,FR,NONE,2026-05-12 11:05:47.477891,NORMAL
U01432,US,NONE,2026-06-14 11:05:47.477892,NORMAL
U01433,JP,FULL,2026-04-23 11:05:47.477894,NORMAL
U01434,UK,INTERMEDIATE,2026-06-23 11:05:47.477895,NORMAL
U01435,SG,INTERMEDIATE,2026-04-17 11:05:47.477897,NORMAL
U01436,DE,BASIC,2026-06-06 11:05:47.477899,NORMAL
U01437,AU,FULL,2026-04-18 11:05:47.477901,NORMAL
U01438,FR,NONE,2026-05-15 11:05:47.477902,NORMAL
U01439,US,NONE,2026-06-03 11:05:47.477904,NORMAL
U01440,DE,FULL,2026-07-01 11:05:47.477906,NORMAL
U01441,UK,BASIC,2026-05-13 11:05:47.477907,NORMAL
U01442,CA,NONE,2026-04-21 11:05:47.477909,NORMAL
U01443,CA,NONE,2026-06-20 11:05:47.477910,NORMAL
U01444,DE,NONE,2026-05-13 11:05:47.477912,NORMAL
U01445,DE,INTERMEDIATE,2026-04-26 11:05:47.477914,NORMAL
U01446,SG,BASIC,2026-05-06 11:05:47.477915,NORMAL
U01447,CA,NONE,2026-07-04 11:05:47.477917,NORMAL
U01448,US,BASIC,2026-05-19 11:05:47.477918,NORMAL
U01449,AU,BASIC,2026-05-07 11:05:47.477920,NORMAL
U01450,JP,NONE,2026-06-30 11:05:47.477921,SILVER
U01451,UK,BASIC,2026-05-08 11:05:47.477923,NORMAL
U01452,FR,BASIC,2026-05-24 11:05:47.477925,NORMAL
U01453,UK,NONE,2026-04-19 11:05:47.477926,NORMAL
U01454,UK,INTERMEDIATE,2026-05-26 11:05:47.477928,NORMAL
U01455,JP,NONE,2026-06-01 11:05:47.477930,NORMAL
U01456,JP,NONE,2026-05-20 11:05:47.477931,NORMAL
U01457,FR,BASIC,2026-06-25 11:05:47.477933,NORMAL
U01458,JP,NONE,2026-05-13 11:05:47.477935,NORMAL
U01459,JP,BASIC,2026-04-24 11:05:47.477936,NORMAL
U01460,DE,BASIC,2026-04-30 11:05:47.477938,SILVER
U01461,US,NONE,2026-05-12 11:05:47.477939,NORMAL
U01462,CA,NONE,2026-07-03 11:05:47.477941,NORMAL
U01463,AU,FULL,2026-05-03 11:05:47.477943,NORMAL
U01464,SG,INTERMEDIATE,2026-05-01 11:05:47.477944,NORMAL
U01465,US,INTERMEDIATE,2026-06-29 11:05:47.477946,NORMAL
U01466,AU,FULL,2026-07-06 11:05:47.477947,NORMAL
U01467,SG,NONE,2026-06-07 11:05:47.477949,NORMAL
U01468,UK,BASIC,2026-05-30 11:05:47.477950,NORMAL
U01469,UK,INTERMEDIATE,2026-04-24 11:05:47.477952,NORMAL
U01470,JP,NONE,2026-05-06 11:05:47.477954,NORMAL
U01471,CA,NONE,2026-05-26 11:05:47.477955,SILVER
U01472,SG,NONE,2026-04-26 11:05:47.477957,SILVER
U01473,US,BASIC,2026-06-11 11:05:47.477959,NORMAL
U01474,DE,NONE,2026-06-23 11:05:47.477960,NORMAL
U01475,SG,BASIC,2026-05-22 11:05:47.477962,NORMAL
U01476,SG,NONE,2026-07-03 11:05:47.477963,NORMAL
U01477,CA,INTERMEDIATE,2026-04-21 11:05:47.477965,NORMAL
U01478,UK,NONE,2026-05-07 11:05:47.477966,NORMAL
U01479,DE,BASIC,2026-06-27 11:05:47.477968,NORMAL
U01480,SG,NONE,2026-05-09 11:05:47.477970,NORMAL
U01481,AU,BASIC,2026-05-03 11:05:47.477972,NORMAL
U01482,US,BASIC,2026-04-21 11:05:47.477973,NORMAL
U01483,UK,BASIC,2026-04-21 11:05:47.477975,NORMAL
U01484,CA,NONE,2026-05-25 11:05:47.477977,NORMAL
U01485,UK,BASIC,2026-06-23 11:05:47.477978,NORMAL
U01486,JP,BASIC,2026-04-30 11:05:47.477980,NORMAL
U01487,DE,NONE,2026-06-12 11:05:47.477982,NORMAL
U01488,AU,BASIC,2026-06-19 11:05:47.477983,NORMAL
U01489,US,BASIC,2026-07-03 11:05:47.477985,NORMAL
U01490,DE,NONE,2026-05-14 11:05:47.477986,NORMAL
U01491,US,NONE,2026-05-11 11:05:47.477988,NORMAL
U01492,SG,NONE,2026-05-01 11:05:47.477990,NORMAL
U01493,UK,NONE,2026-05-04 11:05:47.477991,NORMAL
U01494,FR,BASIC,2026-05-13 11:05:47.477993,NORMAL
U01495,JP,INTERMEDIATE,2026-05-28 11:05:47.477994,NORMAL
U01496,JP,INTERMEDIATE,2026-06-26 11:05:47.477996,NORMAL
U01497,JP,NONE,2026-05-21 11:05:47.477997,NORMAL
U01498,CA,NONE,2026-07-02 11:05:47.477999,NORMAL
U01499,SG,NONE,2026-05-11 11:05:47.478001,NORMAL
U01500,FR,FULL,2026-06-14 11:05:47.478002,NORMAL
U01501,US,BASIC,2026-06-22 11:05:47.478004,NORMAL
U01502,UK,INTERMEDIATE,2026-06-21 11:05:47.478005,NORMAL
U01503,FR,NONE,2026-06-17 11:05:47.478007,NORMAL
U01504,SG,BASIC,2026-06-18 11:05:47.478008,NORMAL
U01505,UK,BASIC,2026-06-09 11:05:47.478010,NORMAL
U01506,AU,INTERMEDIATE,2026-06-11 11:05:47.478012,NORMAL
U01507,JP,NONE,2026-05-15 11:05:47.478013,NORMAL
U01508,SG,FULL,2026-06-10 11:05:47.478015,NORMAL
U01509,US,NONE,2026-05-16 11:05:47.478017,NORMAL
U01510,US,BASIC,2026-05-05 11:05:47.478018,NORMAL
U01511,AU,BASIC,2026-06-26 11:05:47.478020,NORMAL
U01512,CA,FULL,2026-07-07 11:05:47.478022,NORMAL
U01513,JP,BASIC,2026-06-01 11:05:47.478023,NORMAL
U01514,DE,NONE,2026-05-08 11:05:47.478025,NORMAL
U01515,US,FULL,2026-04-26 11:05:47.478026,NORMAL
U01516,CA,NONE,2026-06-21 11:05:47.478028,NORMAL
U01517,AU,INTERMEDIATE,2026-04-19 11:05:47.478029,NORMAL
U01518,UK,NONE,2026-04-19 11:05:47.478031,NORMAL
U01519,US,NONE,2026-05-02 11:05:47.478033,NORMAL
U01520,JP,INTERMEDIATE,2026-04-21 11:05:47.478034,NORMAL
U01521,US,BASIC,2026-05-27 11:05:47.478036,NORMAL
U01522,US,NONE,2026-05-23 11:05:47.478038,NORMAL
U01523,US,NONE,2026-04-20 11:05:47.478039,NORMAL
U01524,UK,BASIC,2026-04-28 11:05:47.478041,NORMAL
U01525,FR,NONE,2026-06-21 11:05:47.478042,NORMAL
U01526,JP,INTERMEDIATE,2026-05-08 11:05:47.478044,NORMAL
U01527,FR,INTERMEDIATE,2026-05-28 11:05:47.478046,NORMAL
U01528,DE,NONE,2026-05-15 11:05:47.478047,NORMAL
U01529,AU,BASIC,2026-05-12 11:05:47.478049,NORMAL
U01530,DE,BASIC,2026-05-09 11:05:47.478050,NORMAL
U01531,JP,INTERMEDIATE,2026-06-30 11:05:47.478052,NORMAL
U01532,CA,INTERMEDIATE,2026-06-28 11:05:47.478054,NORMAL
U01533,UK,NONE,2026-06-29 11:05:47.478055,NORMAL
U01534,AU,NONE,2026-06-20 11:05:47.478057,NORMAL
U01535,US,NONE,2026-04-19 11:05:47.478059,SILVER
U01536,SG,BASIC,2026-04-30 11:05:47.478060,NORMAL
U01537,US,NONE,2026-04-17 11:05:47.478062,NORMAL
U01538,FR,BASIC,2026-06-09 11:05:47.478063,NORMAL
U01539,FR,BASIC,2026-04-17 11:05:47.478065,NORMAL
U01540,AU,BASIC,2026-05-02 11:05:47.478067,NORMAL
U01541,SG,INTERMEDIATE,2026-05-30 11:05:47.478068,NORMAL
U01542,DE,INTERMEDIATE,2026-05-22 11:05:47.478070,NORMAL
U01543,DE,BASIC,2026-05-24 11:05:47.478071,NORMAL
U01544,DE,NONE,2026-06-18 11:05:47.478073,NORMAL
U01545,SG,NONE,2026-06-19 11:05:47.478075,NORMAL
U01546,SG,BASIC,2026-05-29 11:05:47.478076,NORMAL
U01547,US,BASIC,2026-06-12 11:05:47.478078,SILVER
U01548,FR,BASIC,2026-06-20 11:05:47.478079,SILVER
U01549,DE,NONE,2026-05-01 11:05:47.478081,NORMAL
U01550,SG,FULL,2026-05-06 11:05:47.478082,NORMAL
U01551,US,FULL,2026-06-19 11:05:47.478084,NORMAL
U01552,FR,BASIC,2026-05-05 11:05:47.478086,NORMAL
U01553,SG,INTERMEDIATE,2026-06-01 11:05:47.478087,NORMAL
U01554,FR,BASIC,2026-05-13 11:05:47.478089,NORMAL
U01555,SG,BASIC,2026-07-03 11:05:47.478091,NORMAL
U01556,CA,BASIC,2026-07-05 11:05:47.478092,NORMAL
U01557,UK,NONE,2026-05-24 11:05:47.478094,NORMAL
U01558,JP,INTERMEDIATE,2026-06-14 11:05:47.478095,NORMAL
U01559,US,NONE,2026-06-13 11:05:47.478097,NORMAL
U01560,CA,NONE,2026-06-27 11:05:47.478098,NORMAL
U01561,US,FULL,2026-04-22 11:05:47.478100,NORMAL
U01562,CA,NONE,2026-06-20 11:05:47.478102,NORMAL
U01563,FR,NONE,2026-06-02 11:05:47.478103,SILVER
U01564,UK,NONE,2026-04-28 11:05:47.478105,NORMAL
U01565,AU,NONE,2026-05-16 11:05:47.478107,NORMAL
U01566,CA,NONE,2026-05-15 11:05:47.478108,NORMAL
U01567,SG,NONE,2026-06-27 11:05:47.478110,NORMAL
U01568,FR,NONE,2026-05-02 11:05:47.478111,SILVER
U01569,UK,NONE,2026-05-21 11:05:47.478113,NORMAL
U01570,CA,NONE,2026-06-04 11:05:47.478115,NORMAL
U01571,SG,NONE,2026-04-27 11:05:47.478116,NORMAL
U01572,AU,NONE,2026-06-01 11:05:47.478118,NORMAL
U01573,DE,BASIC,2026-04-25 11:05:47.478119,NORMAL
U01574,US,INTERMEDIATE,2026-06-10 11:05:47.478121,NORMAL
U01575,AU,NONE,2026-05-31 11:05:47.478123,NORMAL
U01576,CA,NONE,2026-06-02 11:05:47.478124,NORMAL
U01577,JP,NONE,2026-04-17 11:05:47.478126,NORMAL
U01578,UK,BASIC,2026-05-06 11:05:47.478127,NORMAL
U01579,CA,INTERMEDIATE,2026-05-08 11:05:47.478129,NORMAL
U01580,UK,NONE,2026-05-09 11:05:47.478131,NORMAL
U01581,DE,NONE,2026-07-06 11:05:47.478132,NORMAL
U01582,AU,INTERMEDIATE,2026-05-29 11:05:47.478134,NORMAL
U01583,US,NONE,2026-06-18 11:05:47.478135,NORMAL
U01584,US,NONE,2026-05-24 11:05:47.478137,NORMAL
U01585,JP,INTERMEDIATE,2026-06-29 11:05:47.478139,NORMAL
U01586,SG,BASIC,2026-06-26 11:05:47.478140,NORMAL
U01587,DE,BASIC,2026-05-31 11:05:47.478142,NORMAL
U01588,FR,INTERMEDIATE,2026-06-26 11:05:47.478144,NORMAL
U01589,DE,NONE,2026-05-03 11:05:47.478145,NORMAL
U01590,SG,NONE,2026-05-26 11:05:47.478147,NORMAL
U01591,JP,INTERMEDIATE,2026-06-10 11:05:47.478148,NORMAL
U01592,UK,BASIC,2026-05-02 11:05:47.478150,NORMAL
U01593,SG,FULL,2026-06-24 11:05:47.478152,NORMAL
U01594,FR,NONE,2026-05-30 11:05:47.478153,NORMAL
U01595,FR,NONE,2026-04-23 11:05:47.478155,NORMAL
U01596,JP,NONE,2026-06-23 11:05:47.478157,NORMAL
U01597,DE,NONE,2026-06-09 11:05:47.478158,NORMAL
U01598,CA,BASIC,2026-06-28 11:05:47.478160,NORMAL
U01599,US,INTERMEDIATE,2026-06-29 11:05:47.478161,NORMAL
U01600,JP,NONE,2026-07-03 11:05:47.478163,NORMAL
U01601,US,BASIC,2026-05-04 11:05:47.478165,NORMAL
U01602,UK,NONE,2026-07-03 11:05:47.478166,NORMAL
U01603,UK,FULL,2026-06-26 11:05:47.478168,NORMAL
U01604,SG,BASIC,2026-06-13 11:05:47.478169,NORMAL
U01605,DE,FULL,2026-06-20 11:05:47.478171,NORMAL
U01606,JP,BASIC,2026-06-18 11:05:47.478173,NORMAL
U01607,US,BASIC,2026-04-25 11:05:47.478174,NORMAL
U01608,SG,FULL,2026-06-02 11:05:47.478176,NORMAL
U01609,JP,FULL,2026-06-26 11:05:47.478178,NORMAL
U01610,FR,BASIC,2026-05-09 11:05:47.478179,NORMAL
U01611,SG,INTERMEDIATE,2026-06-25 11:05:47.478181,GOLD
U01612,JP,BASIC,2026-05-15 11:05:47.478183,NORMAL
U01613,UK,BASIC,2026-05-29 11:05:47.478184,NORMAL
U01614,FR,INTERMEDIATE,2026-05-06 11:05:47.478186,NORMAL
U01615,UK,NONE,2026-07-03 11:05:47.478187,NORMAL
U01616,AU,BASIC,2026-06-02 11:05:47.478189,NORMAL
U01617,JP,BASIC,2026-05-13 11:05:47.478191,NORMAL
U01618,JP,INTERMEDIATE,2026-05-15 11:05:47.478192,NORMAL
U01619,FR,NONE,2026-05-09 11:05:47.478194,PLATINUM
U01620,UK,NONE,2026-05-07 11:05:47.478195,NORMAL
U01621,UK,NONE,2026-06-28 11:05:47.478197,NORMAL
U01622,UK,INTERMEDIATE,2026-04-24 11:05:47.478199,NORMAL
U01623,UK,NONE,2026-06-17 11:05:47.478200,NORMAL
U01624,CA,NONE,2026-06-13 11:05:47.478202,NORMAL
U01625,DE,INTERMEDIATE,2026-05-06 11:05:47.478203,NORMAL
U01626,DE,INTERMEDIATE,2026-04-24 11:05:47.478205,NORMAL
U01627,FR,BASIC,2026-05-18 11:05:47.478207,NORMAL
U01628,AU,BASIC,2026-05-18 11:05:47.478208,NORMAL
U01629,UK,NONE,2026-05-11 11:05:47.478210,NORMAL
U01630,SG,NONE,2026-06-09 11:05:47.478211,NORMAL
U01631,AU,BASIC,2026-06-30 11:05:47.478213,SILVER
U01632,FR,NONE,2026-05-21 11:05:47.478215,NORMAL
U01633,UK,BASIC,2026-06-26 11:05:47.478216,NORMAL
U01634,AU,NONE,2026-05-06 11:05:47.478218,NORMAL
U01635,DE,BASIC,2026-05-07 11:05:47.478219,NORMAL
U01636,US,FULL,2026-04-30 11:05:47.478221,NORMAL
U01637,UK,NONE,2026-05-14 11:05:47.478223,NORMAL
U01638,AU,BASIC,2026-05-21 11:05:47.478224,NORMAL
U01639,DE,INTERMEDIATE,2026-04-28 11:05:47.478226,NORMAL
U01640,SG,NONE,2026-05-14 11:05:47.478227,NORMAL
U01641,AU,BASIC,2026-06-24 11:05:47.478229,NORMAL
U01642,AU,BASIC,2026-04-26 11:05:47.478231,NORMAL
U01643,US,NONE,2026-05-05 11:05:47.478233,NORMAL
U01644,FR,INTERMEDIATE,2026-05-21 11:05:47.478235,NORMAL
U01645,US,BASIC,2026-07-01 11:05:47.478237,NORMAL
U01646,FR,INTERMEDIATE,2026-05-23 11:05:47.478239,NORMAL
U01647,FR,NONE,2026-04-19 11:05:47.478241,NORMAL
U01648,CA,NONE,2026-05-24 11:05:47.478243,NORMAL
U01649,JP,BASIC,2026-06-07 11:05:47.478245,NORMAL
U01650,DE,NONE,2026-06-30 11:05:47.478246,NORMAL
U01651,FR,NONE,2026-05-01 11:05:47.478248,NORMAL
U01652,CA,NONE,2026-05-15 11:05:47.478250,NORMAL
U01653,US,FULL,2026-04-24 11:05:47.478251,NORMAL
U01654,FR,BASIC,2026-05-20 11:05:47.478253,NORMAL
U01655,JP,NONE,2026-06-26 11:05:47.478255,NORMAL
U01656,SG,BASIC,2026-05-26 11:05:47.478256,NORMAL
U01657,JP,BASIC,2026-05-14 11:05:47.478258,NORMAL
U01658,JP,NONE,2026-06-29 11:05:47.478260,NORMAL
U01659,CA,INTERMEDIATE,2026-04-26 11:05:47.478261,NORMAL
U01660,UK,BASIC,2026-06-27 11:05:47.478263,NORMAL
U01661,AU,BASIC,2026-04-27 11:05:47.478265,NORMAL
U01662,DE,BASIC,2026-06-29 11:05:47.478266,NORMAL
U01663,FR,NONE,2026-04-30 11:05:47.478268,NORMAL
U01664,AU,BASIC,2026-04-20 11:05:47.478270,NORMAL
U01665,SG,BASIC,2026-07-06 11:05:47.478271,NORMAL
U01666,DE,FULL,2026-05-10 11:05:47.478273,NORMAL
U01667,CA,FULL,2026-04-21 11:05:47.478275,NORMAL
U01668,JP,NONE,2026-07-01 11:05:47.478276,NORMAL
U01669,DE,INTERMEDIATE,2026-06-19 11:05:47.478278,NORMAL
U01670,JP,INTERMEDIATE,2026-06-30 11:05:47.478280,NORMAL
U01671,SG,NONE,2026-06-02 11:05:47.478281,NORMAL
U01672,JP,NONE,2026-05-18 11:05:47.478283,NORMAL
U01673,DE,BASIC,2026-06-07 11:05:47.478285,NORMAL
U01674,CA,BASIC,2026-05-14 11:05:47.478286,NORMAL
U01675,DE,NONE,2026-06-18 11:05:47.478288,NORMAL
U01676,SG,BASIC,2026-06-03 11:05:47.478290,NORMAL
U01677,US,NONE,2026-05-07 11:05:47.478291,NORMAL
U01678,DE,INTERMEDIATE,2026-05-29 11:05:47.478293,NORMAL
U01679,FR,BASIC,2026-05-17 11:05:47.478295,NORMAL
U01680,SG,NONE,2026-05-19 11:05:47.478296,NORMAL
U01681,UK,BASIC,2026-05-05 11:05:47.478298,NORMAL
U01682,DE,BASIC,2026-05-02 11:05:47.478300,NORMAL
U01683,UK,INTERMEDIATE,2026-04-23 11:05:47.478301,NORMAL
U01684,CA,INTERMEDIATE,2026-04-25 11:05:47.478303,NORMAL
U01685,JP,NONE,2026-05-15 11:05:47.478304,NORMAL
U01686,AU,BASIC,2026-06-03 11:05:47.478306,NORMAL
U01687,AU,BASIC,2026-07-01 11:05:47.478308,NORMAL
U01688,FR,BASIC,2026-06-24 11:05:47.478309,NORMAL
U01689,DE,INTERMEDIATE,2026-06-07 11:05:47.478311,NORMAL
U01690,AU,INTERMEDIATE,2026-05-23 11:05:47.478312,NORMAL
U01691,US,INTERMEDIATE,2026-07-06 11:05:47.478314,NORMAL
U01692,JP,NONE,2026-07-02 11:05:47.478316,NORMAL
U01693,FR,FULL,2026-04-18 11:05:47.478317,NORMAL
U01694,JP,INTERMEDIATE,2026-05-01 11:05:47.478319,NORMAL
U01695,DE,NONE,2026-05-19 11:05:47.478321,NORMAL
U01696,DE,NONE,2026-06-08 11:05:47.478322,NORMAL
U01697,FR,INTERMEDIATE,2026-05-13 11:05:47.478324,NORMAL
U01698,US,NONE,2026-05-17 11:05:47.478326,NORMAL
U01699,AU,INTERMEDIATE,2026-05-07 11:05:47.478327,NORMAL
U01700,CA,INTERMEDIATE,2026-05-27 11:05:47.478329,NORMAL
U01701,DE,BASIC,2026-06-18 11:05:47.478331,NORMAL
U01702,FR,BASIC,2026-04-22 11:05:47.478332,NORMAL
U01703,SG,BASIC,2026-07-02 11:05:47.478334,NORMAL
U01704,US,BASIC,2026-06-21 11:05:47.478336,NORMAL
U01705,UK,NONE,2026-05-29 11:05:47.478337,NORMAL
U01706,SG,INTERMEDIATE,2026-04-16 11:05:47.478339,NORMAL
U01707,AU,BASIC,2026-05-29 11:05:47.478341,NORMAL
U01708,SG,BASIC,2026-06-05 11:05:47.478342,NORMAL
U01709,JP,NONE,2026-06-02 11:05:47.478344,NORMAL
U01710,CA,FULL,2026-05-19 11:05:47.478346,NORMAL
U01711,US,FULL,2026-06-10 11:05:47.478347,NORMAL
U01712,JP,FULL,2026-04-17 11:05:47.478349,SILVER
U01713,DE,INTERMEDIATE,2026-06-13 11:05:47.478350,NORMAL
U01714,CA,BASIC,2026-05-18 11:05:47.478352,NORMAL
U01715,SG,FULL,2026-05-22 11:05:47.478354,NORMAL
U01716,CA,INTERMEDIATE,2026-05-02 11:05:47.478355,NORMAL
U01717,UK,NONE,2026-05-06 11:05:47.478357,NORMAL
U01718,DE,INTERMEDIATE,2026-06-04 11:05:47.478358,NORMAL
U01719,JP,BASIC,2026-05-14 11:05:47.478360,PLATINUM
U01720,JP,BASIC,2026-06-02 11:05:47.478362,NORMAL
U01721,US,NONE,2026-06-20 11:05:47.478363,NORMAL
U01722,AU,FULL,2026-04-20 11:05:47.478365,NORMAL
U01723,AU,NONE,2026-04-17 11:05:47.478366,NORMAL
U01724,CA,BASIC,2026-05-28 11:05:47.478368,NORMAL
U01725,DE,NONE,2026-05-15 11:05:47.478370,NORMAL
U01726,FR,FULL,2026-07-02 11:05:47.478371,NORMAL
U01727,US,NONE,2026-05-24 11:05:47.478373,NORMAL
U01728,DE,FULL,2026-05-21 11:05:47.478375,NORMAL
U01729,US,BASIC,2026-06-22 11:05:47.478377,NORMAL
U01730,AU,FULL,2026-05-05 11:05:47.478378,NORMAL
U01731,UK,NONE,2026-06-22 11:05:47.478380,NORMAL
U01732,DE,NONE,2026-06-20 11:05:47.478381,NORMAL
U01733,AU,INTERMEDIATE,2026-06-22 11:05:47.478383,NORMAL
U01734,CA,NONE,2026-05-23 11:05:47.478384,NORMAL
U01735,DE,BASIC,2026-04-21 11:05:47.478386,NORMAL
U01736,FR,INTERMEDIATE,2026-06-17 11:05:47.478388,NORMAL
U01737,AU,NONE,2026-06-19 11:05:47.478390,NORMAL
U01738,SG,NONE,2026-06-09 11:05:47.478391,NORMAL
U01739,CA,NONE,2026-05-10 11:05:47.478393,NORMAL
U01740,US,BASIC,2026-05-06 11:05:47.478394,GOLD
U01741,AU,BASIC,2026-04-28 11:05:47.478396,NORMAL
U01742,UK,NONE,2026-06-20 11:05:47.478398,NORMAL
U01743,SG,INTERMEDIATE,2026-06-02 11:05:47.478399,NORMAL
U01744,JP,BASIC,2026-06-04 11:05:47.478401,SILVER
U01745,SG,BASIC,2026-05-02 11:05:47.478402,NORMAL
U01746,UK,INTERMEDIATE,2026-05-06 11:05:47.478404,NORMAL
U01747,CA,NONE,2026-06-23 11:05:47.478406,NORMAL
U01748,FR,NONE,2026-06-25 11:05:47.478407,NORMAL
U01749,AU,BASIC,2026-05-08 11:05:47.478409,NORMAL
U01750,FR,FULL,2026-07-08 11:05:47.478411,NORMAL
U01751,FR,FULL,2026-05-12 11:05:47.478412,PLATINUM
U01752,SG,NONE,2026-04-27 11:05:47.478414,NORMAL
U01753,DE,NONE,2026-04-17 11:05:47.478415,NORMAL
U01754,CA,NONE,2026-06-29 11:05:47.478417,NORMAL
U01755,CA,NONE,2026-06-08 11:05:47.478419,NORMAL
U01756,CA,INTERMEDIATE,2026-06-18 11:05:47.478420,NORMAL
U01757,SG,NONE,2026-04-16 11:05:47.478422,NORMAL
U01758,DE,FULL,2026-05-14 11:05:47.478424,NORMAL
U01759,UK,INTERMEDIATE,2026-05-24 11:05:47.478425,NORMAL
U01760,AU,INTERMEDIATE,2026-05-07 11:05:47.478427,NORMAL
U01761,CA,NONE,2026-04-27 11:05:47.478429,NORMAL
U01762,SG,BASIC,2026-05-22 11:05:47.478430,NORMAL
U01763,FR,FULL,2026-07-03 11:05:47.478432,NORMAL
U01764,SG,FULL,2026-04-17 11:05:47.478434,NORMAL
U01765,UK,NONE,2026-04-17 11:05:47.478435,NORMAL
U01766,DE,NONE,2026-05-08 11:05:47.478437,NORMAL
U01767,JP,BASIC,2026-05-31 11:05:47.478438,NORMAL
U01768,UK,FULL,2026-07-02 11:05:47.478440,NORMAL
U01769,CA,BASIC,2026-05-04 11:05:47.478442,NORMAL
U01770,DE,NONE,2026-04-27 11:05:47.478443,NORMAL
U01771,US,NONE,2026-05-05 11:05:47.478445,NORMAL
U01772,SG,INTERMEDIATE,2026-06-16 11:05:47.478447,NORMAL
U01773,DE,NONE,2026-05-16 11:05:47.478448,NORMAL
U01774,DE,NONE,2026-05-12 11:05:47.478450,NORMAL
U01775,JP,NONE,2026-06-15 11:05:47.478451,NORMAL
U01776,DE,INTERMEDIATE,2026-04-22 11:05:47.478453,NORMAL
U01777,US,NONE,2026-05-01 11:05:47.478455,NORMAL
U01778,AU,BASIC,2026-06-17 11:05:47.478456,NORMAL
U01779,AU,NONE,2026-04-22 11:05:47.478458,NORMAL
U01780,FR,BASIC,2026-04-21 11:05:47.478460,SILVER
U01781,DE,NONE,2026-05-19 11:05:47.478461,NORMAL
U01782,UK,INTERMEDIATE,2026-06-14 11:05:47.478463,NORMAL
U01783,US,NONE,2026-06-14 11:05:47.478464,NORMAL
U01784,JP,BASIC,2026-04-16 11:05:47.478466,NORMAL
U01785,JP,NONE,2026-05-01 11:05:47.478468,NORMAL
U01786,AU,BASIC,2026-06-20 11:05:47.478469,NORMAL
U01787,AU,FULL,2026-06-19 11:05:47.478471,NORMAL
U01788,JP,NONE,2026-05-12 11:05:47.478472,NORMAL
U01789,US,NONE,2026-05-19 11:05:47.478474,NORMAL
U01790,CA,INTERMEDIATE,2026-05-14 11:05:47.478476,NORMAL
U01791,DE,NONE,2026-04-23 11:05:47.478478,NORMAL
U01792,AU,NONE,2026-05-04 11:05:47.478479,NORMAL
U01793,CA,BASIC,2026-07-06 11:05:47.478481,NORMAL
U01794,CA,INTERMEDIATE,2026-06-04 11:05:47.478483,NORMAL
U01795,FR,BASIC,2026-04-20 11:05:47.478484,NORMAL
U01796,DE,INTERMEDIATE,2026-06-18 11:05:47.478486,NORMAL
U01797,JP,BASIC,2026-05-13 11:05:47.478487,NORMAL
U01798,AU,NONE,2026-05-26 11:05:47.478489,NORMAL
U01799,CA,INTERMEDIATE,2026-05-20 11:05:47.478491,NORMAL
U01800,AU,INTERMEDIATE,2026-05-23 11:05:47.478492,NORMAL
U01801,JP,NONE,2026-04-20 11:05:47.478494,NORMAL
U01802,SG,NONE,2026-05-08 11:05:47.478495,NORMAL
U01803,UK,INTERMEDIATE,2026-05-07 11:05:47.478497,NORMAL
U01804,DE,NONE,2026-05-06 11:05:47.478498,NORMAL
U01805,FR,INTERMEDIATE,2026-07-06 11:05:47.478500,NORMAL
U01806,SG,INTERMEDIATE,2026-06-18 11:05:47.478502,NORMAL
U01807,UK,NONE,2026-07-04 11:05:47.478503,NORMAL
U01808,UK,BASIC,2026-06-09 11:05:47.478505,NORMAL
U01809,FR,INTERMEDIATE,2026-05-26 11:05:47.478506,NORMAL
U01810,DE,INTERMEDIATE,2026-04-28 11:05:47.478508,NORMAL
U01811,UK,INTERMEDIATE,2026-05-04 11:05:47.478509,NORMAL
U01812,AU,FULL,2026-05-13 11:05:47.478511,NORMAL
U01813,UK,INTERMEDIATE,2026-06-25 11:05:47.478513,NORMAL
U01814,SG,BASIC,2026-06-25 11:05:47.478515,NORMAL
U01815,SG,INTERMEDIATE,2026-05-23 11:05:47.478516,NORMAL
U01816,AU,INTERMEDIATE,2026-05-05 11:05:47.478518,NORMAL
U01817,FR,NONE,2026-04-17 11:05:47.478519,NORMAL
U01818,AU,FULL,2026-06-13 11:05:47.478521,NORMAL
U01819,JP,INTERMEDIATE,2026-07-08 11:05:47.478522,NORMAL
U01820,SG,NONE,2026-06-02 11:05:47.478524,NORMAL
U01821,FR,BASIC,2026-05-16 11:05:47.478526,NORMAL
U01822,CA,INTERMEDIATE,2026-05-02 11:05:47.478527,NORMAL
U01823,CA,FULL,2026-05-15 11:05:47.478529,NORMAL
U01824,FR,FULL,2026-05-03 11:05:47.478530,NORMAL
U01825,UK,NONE,2026-07-07 11:05:47.478532,NORMAL
U01826,CA,NONE,2026-06-17 11:05:47.478534,NORMAL
U01827,SG,FULL,2026-04-17 11:05:47.478535,NORMAL
U01828,DE,BASIC,2026-04-19 11:05:47.478537,NORMAL
U01829,DE,INTERMEDIATE,2026-04-29 11:05:47.478539,NORMAL
U01830,US,INTERMEDIATE,2026-05-25 11:05:47.478540,NORMAL
U01831,SG,INTERMEDIATE,2026-04-21 11:05:47.478542,NORMAL
U01832,AU,BASIC,2026-06-12 11:05:47.478544,NORMAL
U01833,CA,INTERMEDIATE,2026-04-16 11:05:47.478545,NORMAL
U01834,US,BASIC,2026-06-28 11:05:47.478547,NORMAL
U01835,DE,NONE,2026-06-22 11:05:47.478548,NORMAL
U01836,FR,INTERMEDIATE,2026-05-30 11:05:47.478550,NORMAL
U01837,DE,NONE,2026-07-05 11:05:47.478552,NORMAL
U01838,UK,INTERMEDIATE,2026-05-15 11:05:47.478554,NORMAL
U01839,FR,NONE,2026-06-05 11:05:47.478555,NORMAL
U01840,AU,NONE,2026-06-23 11:05:47.478557,NORMAL
U01841,FR,FULL,2026-05-11 11:05:47.478558,NORMAL
U01842,JP,NONE,2026-04-25 11:05:47.478560,NORMAL
U01843,SG,INTERMEDIATE,2026-04-26 11:05:47.478562,NORMAL
U01844,UK,NONE,2026-06-07 11:05:47.478564,NORMAL
U01845,AU,NONE,2026-05-23 11:05:47.478565,NORMAL
U01846,UK,NONE,2026-05-17 11:05:47.478567,NORMAL
U01847,AU,NONE,2026-06-22 11:05:47.478568,NORMAL
U01848,CA,BASIC,2026-05-02 11:05:47.478570,NORMAL
U01849,DE,BASIC,2026-05-19 11:05:47.478572,NORMAL
U01850,AU,INTERMEDIATE,2026-05-13 11:05:47.478573,NORMAL
U01851,SG,BASIC,2026-06-18 11:05:47.478575,NORMAL
U01852,SG,FULL,2026-05-11 11:05:47.478576,NORMAL
U01853,UK,BASIC,2026-05-02 11:05:47.478578,NORMAL
U01854,SG,FULL,2026-07-04 11:05:47.478580,NORMAL
U01855,CA,NONE,2026-06-23 11:05:47.478581,NORMAL
U01856,US,BASIC,2026-06-01 11:05:47.478583,NORMAL
U01857,FR,NONE,2026-05-30 11:05:47.478584,NORMAL
U01858,SG,INTERMEDIATE,2026-06-20 11:05:47.478586,NORMAL
U01859,DE,NONE,2026-05-30 11:05:47.478588,NORMAL
U01860,US,NONE,2026-05-07 11:05:47.478589,NORMAL
U01861,CA,BASIC,2026-07-03 11:05:47.478591,NORMAL
U01862,FR,INTERMEDIATE,2026-05-12 11:05:47.478593,NORMAL
U01863,SG,INTERMEDIATE,2026-04-22 11:05:47.478595,NORMAL
U01864,AU,BASIC,2026-05-11 11:05:47.478596,NORMAL
U01865,UK,INTERMEDIATE,2026-05-28 11:05:47.478598,NORMAL
U01866,CA,NONE,2026-05-17 11:05:47.478599,NORMAL
U01867,US,FULL,2026-04-30 11:05:47.478601,NORMAL
U01868,UK,INTERMEDIATE,2026-06-03 11:05:47.478603,NORMAL
U01869,DE,BASIC,2026-04-26 11:05:47.478604,NORMAL
U01870,UK,NONE,2026-04-28 11:05:47.478606,NORMAL
U01871,US,FULL,2026-04-26 11:05:47.478608,NORMAL
U01872,US,NONE,2026-05-09 11:05:47.478609,NORMAL
U01873,US,NONE,2026-06-15 11:05:47.478611,NORMAL
U01874,AU,NONE,2026-04-25 11:05:47.478612,NORMAL
U01875,CA,BASIC,2026-05-28 11:05:47.478614,NORMAL
U01876,FR,BASIC,2026-07-06 11:05:47.478616,NORMAL
U01877,FR,NONE,2026-05-02 11:05:47.478617,NORMAL
U01878,SG,NONE,2026-06-26 11:05:47.478619,NORMAL
U01879,SG,NONE,2026-06-27 11:05:47.478621,NORMAL
U01880,US,BASIC,2026-06-17 11:05:47.478622,NORMAL
U01881,US,NONE,2026-07-05 11:05:47.478624,NORMAL
U01882,CA,INTERMEDIATE,2026-06-20 11:05:47.478625,NORMAL
U01883,US,NONE,2026-06-23 11:05:47.478627,NORMAL
U01884,JP,BASIC,2026-04-24 11:05:47.478629,NORMAL
U01885,UK,NONE,2026-05-20 11:05:47.478630,NORMAL
U01886,CA,NONE,2026-04-29 11:05:47.478632,NORMAL
U01887,JP,FULL,2026-04-18 11:05:47.478633,NORMAL
U01888,UK,NONE,2026-04-29 11:05:47.478635,NORMAL
U01889,DE,BASIC,2026-06-22 11:05:47.478637,NORMAL
U01890,JP,INTERMEDIATE,2026-04-18 11:05:47.478638,NORMAL
U01891,SG,INTERMEDIATE,2026-04-30 11:05:47.478640,NORMAL
U01892,AU,NONE,2026-05-15 11:05:47.478642,NORMAL
U01893,DE,BASIC,2026-04-20 11:05:47.478643,NORMAL
U01894,AU,NONE,2026-07-01 11:05:47.478645,NORMAL
U01895,FR,INTERMEDIATE,2026-05-21 11:05:47.478647,NORMAL
U01896,DE,NONE,2026-05-04 11:05:47.478648,NORMAL
U01897,UK,NONE,2026-04-27 11:05:47.478650,NORMAL
U01898,SG,INTERMEDIATE,2026-06-23 11:05:47.478651,PLATINUM
U01899,JP,BASIC,2026-05-14 11:05:47.478653,SILVER
U01900,FR,BASIC,2026-05-29 11:05:47.478655,SILVER
U01901,DE,NONE,2026-05-12 11:05:47.478656,GOLD
U01902,JP,BASIC,2026-05-26 11:05:47.478658,NORMAL
U01903,SG,BASIC,2026-07-06 11:05:47.478659,NORMAL
U01904,US,FULL,2026-05-09 11:05:47.478661,NORMAL
U01905,AU,INTERMEDIATE,2026-05-17 11:05:47.478663,NORMAL
U01906,UK,BASIC,2026-04-16 11:05:47.478664,NORMAL
U01907,UK,NONE,2026-05-13 11:05:47.478666,NORMAL
U01908,FR,NONE,2026-04-23 11:05:47.478667,NORMAL
U01909,UK,BASIC,2026-07-07 11:05:47.478669,NORMAL
U01910,US,NONE,2026-05-13 11:05:47.478671,NORMAL
U01911,FR,NONE,2026-06-03 11:05:47.478672,NORMAL
U01912,DE,INTERMEDIATE,2026-04-19 11:05:47.478674,NORMAL
U01913,FR,NONE,2026-05-06 11:05:47.478675,NORMAL
U01914,JP,NONE,2026-04-22 11:05:47.478677,GOLD
U01915,CA,NONE,2026-04-18 11:05:47.478679,NORMAL
U01916,AU,NONE,2026-05-05 11:05:47.478680,NORMAL
U01917,SG,NONE,2026-04-27 11:05:47.478682,NORMAL
U01918,SG,NONE,2026-06-30 11:05:47.478684,NORMAL
U01919,DE,NONE,2026-06-09 11:05:47.478685,NORMAL
U01920,DE,BASIC,2026-05-01 11:05:47.478687,NORMAL
U01921,CA,BASIC,2026-07-08 11:05:47.478688,NORMAL
U01922,FR,BASIC,2026-07-02 11:05:47.478690,PLATINUM
U01923,UK,BASIC,2026-06-03 11:05:47.478692,NORMAL
U01924,US,INTERMEDIATE,2026-05-23 11:05:47.478693,NORMAL
U01925,CA,BASIC,2026-06-03 11:05:47.478695,NORMAL
U01926,JP,NONE,2026-05-19 11:05:47.478696,NORMAL
U01927,JP,FULL,2026-07-05 11:05:47.478698,NORMAL
U01928,JP,NONE,2026-06-29 11:05:47.478700,NORMAL
U01929,UK,NONE,2026-06-30 11:05:47.478701,NORMAL
U01930,FR,INTERMEDIATE,2026-07-05 11:05:47.478703,NORMAL
U01931,JP,FULL,2026-05-09 11:05:47.478704,NORMAL
U01932,JP,FULL,2026-05-27 11:05:47.478706,NORMAL
U01933,AU,INTERMEDIATE,2026-04-20 11:05:47.478708,NORMAL
U01934,UK,NONE,2026-04-25 11:05:47.478709,NORMAL
U01935,CA,NONE,2026-07-04 11:05:47.478711,NORMAL
U01936,SG,NONE,2026-06-30 11:05:47.478712,NORMAL
U01937,DE,BASIC,2026-07-01 11:05:47.478714,NORMAL
U01938,US,BASIC,2026-06-25 11:05:47.478715,NORMAL
U01939,CA,NONE,2026-05-21 11:05:47.478717,NORMAL
U01940,US,BASIC,2026-06-09 11:05:47.478719,NORMAL
U01941,UK,NONE,2026-05-15 11:05:47.478720,NORMAL
U01942,AU,BASIC,2026-07-05 11:05:47.478722,NORMAL
U01943,UK,NONE,2026-06-25 11:05:47.478724,NORMAL
U01944,JP,FULL,2026-04-24 11:05:47.478725,NORMAL
U01945,DE,NONE,2026-05-04 11:05:47.478727,NORMAL
U01946,AU,NONE,2026-04-20 11:05:47.478728,NORMAL
U01947,US,NONE,2026-07-03 11:05:47.478730,NORMAL
U01948,FR,NONE,2026-05-04 11:05:47.478731,NORMAL
U01949,SG,BASIC,2026-06-20 11:05:47.478733,NORMAL
U01950,FR,FULL,2026-06-01 11:05:47.478735,NORMAL
U01951,US,NONE,2026-06-20 11:05:47.478736,NORMAL
U01952,US,BASIC,2026-04-28 11:05:47.478738,NORMAL
U01953,JP,INTERMEDIATE,2026-06-13 11:05:47.478739,NORMAL
U01954,AU,BASIC,2026-05-09 11:05:47.478741,NORMAL
U01955,FR,BASIC,2026-04-25 11:05:47.478743,NORMAL
U01956,UK,BASIC,2026-06-18 11:05:47.478744,NORMAL
U01957,AU,NONE,2026-07-03 11:05:47.478746,NORMAL
U01958,JP,BASIC,2026-06-10 11:05:47.478747,NORMAL
U01959,FR,INTERMEDIATE,2026-05-08 11:05:47.478749,NORMAL
U01960,SG,INTERMEDIATE,2026-05-18 11:05:47.478751,NORMAL
U01961,UK,NONE,2026-07-07 11:05:47.478752,NORMAL
U01962,DE,BASIC,2026-06-20 11:05:47.478754,NORMAL
U01963,US,FULL,2026-05-23 11:05:47.478755,NORMAL
U01964,SG,NONE,2026-06-02 11:05:47.478757,NORMAL
U01965,FR,INTERMEDIATE,2026-06-16 11:05:47.478759,NORMAL
U01966,US,NONE,2026-06-13 11:05:47.478760,NORMAL
U01967,US,INTERMEDIATE,2026-06-26 11:05:47.478762,NORMAL
U01968,UK,NONE,2026-04-16 11:05:47.478763,NORMAL
U01969,JP,NONE,2026-05-11 11:05:47.478765,NORMAL
U01970,CA,INTERMEDIATE,2026-06-17 11:05:47.478766,NORMAL
U01971,SG,INTERMEDIATE,2026-06-20 11:05:47.478768,NORMAL
U01972,FR,NONE,2026-05-21 11:05:47.478770,NORMAL
U01973,JP,FULL,2026-04-18 11:05:47.478771,NORMAL
U01974,JP,INTERMEDIATE,2026-04-24 11:05:47.478773,NORMAL
U01975,FR,NONE,2026-06-19 11:05:47.478774,NORMAL
U01976,SG,INTERMEDIATE,2026-06-03 11:05:47.478776,SILVER
U01977,JP,INTERMEDIATE,2026-05-07 11:05:47.478778,NORMAL
U01978,UK,NONE,2026-04-21 11:05:47.478779,NORMAL
U01979,FR,BASIC,2026-04-17 11:05:47.478781,NORMAL
U01980,FR,BASIC,2026-05-28 11:05:47.478783,NORMAL
U01981,AU,NONE,2026-05-06 11:05:47.478784,NORMAL
U01982,US,NONE,2026-04-25 11:05:47.478786,NORMAL
U01983,JP,NONE,2026-05-12 11:05:47.478788,NORMAL
U01984,SG,FULL,2026-05-21 11:05:47.478789,NORMAL
U01985,UK,NONE,2026-04-29 11:05:47.478791,NORMAL
U01986,FR,NONE,2026-05-13 11:05:47.478792,NORMAL
U01987,FR,BASIC,2026-05-04 11:05:47.478794,NORMAL
U01988,FR,INTERMEDIATE,2026-05-17 11:05:47.478796,NORMAL
U01989,US,NONE,2026-05-21 11:05:47.478797,NORMAL
U01990,UK,NONE,2026-04-17 11:05:47.478799,NORMAL
U01991,UK,INTERMEDIATE,2026-05-05 11:05:47.478801,NORMAL
U01992,UK,NONE,2026-06-26 11:05:47.478802,NORMAL
U01993,FR,NONE,2026-06-13 11:05:47.478804,NORMAL
U01994,DE,NONE,2026-05-31 11:05:47.478805,NORMAL
U01995,DE,NONE,2026-06-21 11:05:47.478807,NORMAL
U01996,CA,FULL,2026-05-25 11:05:47.478809,NORMAL
U01997,US,BASIC,2026-04-16 11:05:47.478811,NORMAL
U01998,CA,NONE,2026-06-19 11:05:47.478812,NORMAL
U01999,AU,NONE,2026-06-12 11:05:47.478814,NORMAL
U02000,AU,INTERMEDIATE,2026-04-29 11:05:47.478815,NORMAL
